Workbook

Sheet README
B1: TA3HRJ Koaksiyel Kablo Veritabanı
B2: Sürüm 1.0 · 2026-10-09 · 65 kablo · 1126 zayıflama noktası · 775 güç noktası · 53 kaynak belge (PDF/metin kopyaları 'kaynaklar' klasöründe)
B4: AMAÇ
B5: Her değeri bir datasheet'e bağlanmış, hesapları formülle yapılan ve ileride bir programa veritabanı olarak aktarılabilecek koaksiyel kablo tablosu. Orijinal elle hazırlanmış tablo Legacy_* sayfalarında korunur ve yeni verilerle karşılaştırılır.
B7: SAYFALAR
B8: Ham_Bands - Rapor: her kablo için amatör bantlarında dB/100 m ve dB/100 ft. Cables sayfasına eklenen kablo otomatik görünür (100 satıra kadar).
B9: Graph - Seçilen en fazla 8 kablonun 1-10000 MHz log-log zayıflama eğrisi (sarı hücrelerden seçim).
B10: Calculator - Kablo, frekans, uzunluk, güç ve SWR girin: kayıp, antene ulaşan güç, güç sınırı, dalga boyu. Altta tüm kabloların karşılaştırması.
B11: Cables - Kablo ana tablosu (bir satır = bir ürün). Elektriksel, mekanik, güç ve uygunluk parametreleri. Gri başlıklı sütunlar formüldür.
B12: Attenuation - Zayıflama noktaları (bir satır = bir datasheet değeri). Değer datasheet'te yazdığı birimde girilir, dB/100 m'ye formülle çevrilir.
B13: Power - Ortalama (CW) güç taşıma noktaları, datasheet'te yazdığı birimde.
B14: Sources - Kaynak belgeler: URL, revizyon, erişim tarihi ve 'kaynaklar' klasöründeki arşiv PDF'i.
... B43: Eski tablo: 60 satırın 59'u bir kabloyla eşlendi. 'RG58 CellFoil (9006)' için yayımlanmış veri bulunamadı. Aynı kablonun tekrarları (ör. 1/2" LDF ve 1/2" HELIAX) aynı cable_id'ye bağlandı. Bant aralığı dışında kalan eski değerler Legacy_Points'te renkli işaretlidir.

Sheet Ham_Bands
A1: Koaksiyel kablo zayıflaması - amatör bantları
A2: Değerler datasheet noktaları arasında log-log interpolasyonla hesaplanır. İtalik gri hücreler datasheet frekans aralığı dışındadır (ekstrapolasyon). En yüksek veri frekansının 2 katından yukarısı gösterilmez. Renk ölçeği her bantta kablolar arası karşılaştırmadır (yeşil = düşük kayıp).
J3: dB / 100 m | W3: dB / 100 ft (30.48 m)
J4: 160 m | K4: 80 m | L4: 40 m | M4: 20 m | N4: 15 m | O4: 10 m | P4: 6 m | Q4: 2 m | R4: 70 cm | S4: 23 cm | T4: 13 cm | U4: 6 cm | W4: 160 m | X4: 80 m | Y4: 40 m | Z4: 20 m | AA4: 15 m | AB4: 10 m | AC4: 6 m | AD4: 2 m | AE4: 70 cm | AF4: 23 cm | AG4: 13 cm | AH4: 6 cm
A5: cable_id | B5: Kablo | C5: Z0 (Ω) | D5: Çap (mm) | E5: VF | F5: Veri min (MHz) | G5: Veri maks (MHz) | H5: r0 | I5: n | J5: 1.8 | K5: 3.5 | L5: 7 | M5: 14 | N5: 21 | O5: 28 | P5: 50 | Q5: 144 | R5: 432 | S5: 1296 | T5: 2400 | U5: 5760 | W5: 1.8 | X5: 3.5 | Y5: 7 | Z5: 14 | AA5: 21 | AB5: 28 | AC5: 50 | AD5: 144 | AE5: 432 | AF5: 1296 | AG5: 2400 | AH5: 5760
A6: =IF(ROWS($A$6:A6)>COUNTA(Cables!$A:$A)-1,"",INDEX(Cables!$A:$A,ROWS($A$6:A6)+1)) -> BEL-83265 | B6: =IF($A6="","",IF(INDEX(Cables!$B:$B,MATCH($A6,Cables!$A:$A,0))="","",INDEX(Cables!$B:$B,MATCH($A6,Cables!$A:$A,0)))) -> Belden 83265 (RG-178) | C6: =IF($A6="","",IF(INDEX(Cables!$F:$F,MATCH($A6,Cables!$A:$A,0))="","",INDEX(Cables!$F:$F,MATCH($A6,Cables!$A:$A,0)))) -> 50 | D6: =IF($A6="","",IF(INDEX(Cables!$H:$H,MATCH($A6,Cables!$A:$A,0))="","",INDEX(Cables!$H:$H,MATCH($A6,Cables!$A:$A,0)))) -> 1.8 | E6: =IF($A6="","",IF(INDEX(Cables!$Q:$Q,MATCH($A6,Cables!$A:$A,0))="","",INDEX(Cables!$Q:$Q,MATCH($A6,Cables!$A:$A,0)))) -> 0.7 | F6: =IF($A6="","",IF(INDEX(Cables!$AQ:$AQ,MATCH($A6,Cables!$A:$A,0))="","",INDEX(Cables!$AQ:$AQ,MATCH($A6,Cables!$A:$A,0)))) -> 1 | G6: =IF($A6="","",IF(INDEX(Cables!$AR:$AR,MATCH($A6,Cables!$A:$A,0))="","",INDEX(Cables!$AR:$AR,MATCH($A6,Cables!$A:$A,0)))) -> 1000 | H6: =IF($A6="","",IF(INDEX(Cables!$AO:$AO,MATCH($A6,Cables!$A:$A,0))="","",INDEX(Cables!$AO:$AO,MATCH($A6,Cables!$A:$A,0)))) -> 2 | I6: =IF($A6="","",IF(INDEX(Cables!$AP:$AP,MATCH($A6,Cables!$A:$A,0))="","",INDEX(Cables!$AP:$AP,MATCH($A6,Cables!$A:$A,0)))) -> 9 | J6: =IF($A6="","",IF(J$5>2*$G6,"",EXP(FORECAST(LN(J$5),INDEX(Attenuation!$K:$K,($H6-1+MIN(MAX(IFERROR(MATCH(LN(J$5),INDEX(Attenuation!$J:$J,$H6):INDEX(Attenuation!$J:$J,$H6+$I6-1),1),1),1),$I6-1))):INDEX(Attenuation!$K:$K,($H6-1+MIN(MAX(IFERROR(MATCH(LN(J$5),INDEX(Attenuation!$J:$J,$H6):INDEX(Attenuation!$J:$J,$H6+$I6-1),1),1),1),$I6-1))+1),INDEX(Attenuation!$J:$J,($H6-1+MIN(MAX(IFERROR(MATCH(LN(J$5),INDEX(Attenuation!$J:$J,$H6):INDEX(Attenuation!$J:$J,$H6+$I6-1),1),1),1),$I6-1))):INDEX(Attenuation!$J:$J,($H6-1+MIN(MAX(IFERROR(MATCH(LN(J$5),INDEX(Attenuation!$J:$J,$H6):INDEX(Attenuation!$J:$J,$H6+$I6-1),1),1),1),$I6-1))+1))))) -> 10.375736 | K6: =IF($A6="","",IF(K$5>2*$G6,"",EXP(FORECAST(LN(K$5),INDEX(Attenuation!$K:$K,($H6-1+MIN(MAX(IFERROR(MATCH(LN(K$5),INDEX(Attenuation!$J:$J,$H6):INDEX(Attenuation!$J:$J,$H6+$I6-1),1),1),1),$I6-1))):INDEX(Attenuation!$K:$K,($H6-1+MIN(MAX(IFERROR(MATCH(LN(K$5),INDEX(Attenuation!$J:$J,$H6):INDEX(Attenuation!$J:$J,$H6+$I6-1),1),1),1),$I6-1))+1),INDEX(Attenuation!$J:$J,($H6-1+MIN(MAX(IFERROR(MATCH(LN(K$5),INDEX(Attenuation!$J:$J,$H6):INDEX(Attenuation!$J:$J,$H6+$I6-1),1),1),1),$I6-1))):INDEX(Attenuation!$J:$J,($H6-1+MIN(MAX(IFERROR(MATCH(LN(K$5),INDEX(Attenuation!$J:$J,$H6):INDEX(Attenuation!$J:$J,$H6+$I6-1),1),1),1),$I6-1))+1))))) -> 12.949406 | L6: =IF($A6="","",IF(L$5>2*$G6,"",EXP(FORECAST(LN(L$5),INDEX(Attenuation!$K:$K,($H6-1+MIN(MAX(IFERROR(MATCH(LN(L$5),INDEX(Attenuation!$J:$J,$H6):INDEX(Attenuation!$J:$J,$H6+$I6-1),1),1),1),$I6-1))):INDEX(Attenuation!$K:$K,($H6-1+MIN(MAX(IFERROR(MATCH(LN(L$5),INDEX(Attenuation!$J:$J,$H6):INDEX(Attenuation!$J:$J,$H6+$I6-1),1),1),1),$I6-1))+1),INDEX(Attenuation!$J:$J,($H6-1+MIN(MAX(IFERROR(MATCH(LN(L$5),INDEX(Attenuation!$J:$J,$H6):INDEX(Attenuation!$J:$J,$H6+$I6-1),1),1),1),$I6-1))):INDEX(Attenuation!$J:$J,($H6-1+MIN(MAX(IFERROR(MATCH(LN(L$5),INDEX(Attenuation!$J:$J,$H6):INDEX(Attenuation!$J:$J,$H6+$I6-1),1),1),1),$I6-1))+1))))) -> 16.313887 | M6: =IF($A6="","",IF(M$5>2*$G6,"",EXP(FORECAST(LN(M$5),INDEX(Attenuation!$K:$K,($H6-1+MIN(MAX(IFERROR(MATCH(LN(M$5),INDEX(Attenuation!$J:$J,$H6):INDEX(Attenuation!$J:$J,$H6+$I6-1),1),1),1),$I6-1))):INDEX(Attenuation!$K:$K,($H6-1+MIN(MAX(IFERROR(MATCH(LN(M$5),INDEX(Attenuation!$J:$J,$H6):INDEX(Attenuation!$J:$J,$H6+$I6-1),1),1),1),$I6-1))+1),INDEX(Attenuation!$J:$J,($H6-1+MIN(MAX(IFERROR(MATCH(LN(M$5),INDEX(Attenuation!$J:$J,$H6):INDEX(Attenuation!$J:$J,$H6+$I6-1),1),1),1),$I6-1))):INDEX(Attenuation!$J:$J,($H6-1+MIN(MAX(IFERROR(MATCH(LN(M$5),INDEX(Attenuation!$J:$J,$H6):INDEX(Attenuation!$J:$J,$H6+$I6-1),1),1),1),$I6-1))+1))))) -> 20.95305 | N6: =IF($A6="","",IF(N$5>2*$G6,"",EXP(FORECAST(LN(N$5),INDEX(Attenuation!$K:$K,($H6-1+MIN(MAX(IFERROR(MATCH(LN(N$5),INDEX(Attenuation!$J:$J,$H6):INDEX(Attenuation!$J:$J,$H6+$I6-1),1),1),1),$I6-1))):INDEX(Attenuation!$K:$K,($H6-1+MIN(MAX(IFERROR(MATCH(LN(N$5),INDEX(Attenuation!$J:$J,$H6):INDEX(Attenuation!$J:$J,$H6+$I6-1),1),1),1),$I6-1))+1),INDEX(Attenuation!$J:$J,($H6-1+MIN(MAX(IFERROR(MATCH(LN(N$5),INDEX(Attenuation!$J:$J,$H6):INDEX(Attenuation!$J:$J,$H6+$I6-1),1),1),1),$I6-1))):INDEX(Attenuation!$J:$J,($H6-1+MIN(MAX(IFERROR(MATCH(LN(N$5),INDEX(Attenuation!$J:$J,$H6):INDEX(Attenuation!$J:$J,$H6+$I6-1),1),1),1),$I6-1))+1))))) -> 24.548466 | O6: =IF($A6="","",IF(O$5>2*$G6,"",EXP(FORECAST(LN(O$5),INDEX(Attenuation!$K:$K,($H6-1+MIN(MAX(IFERROR(MATCH(LN(O$5),INDEX(Attenuation!$J:$J,$H6):INDEX(Attenuation!$J:$J,$H6+$I6-1),1),1),1),$I6-1))):INDEX(Attenuation!$K:$K,($H6-1+MIN(MAX(IFERROR(MATCH(LN(O$5),INDEX(Attenuation!$J:$J,$H6):INDEX(Attenuation!$J:$J,$H6+$I6-1),1),1),1),$I6-1))+1),INDEX(Attenuation!$J:$J,($H6-1+MIN(MAX(IFERROR(MATCH(LN(O$5),INDEX(Attenuation!$J:$J,$H6):INDEX(Attenuation!$J:$J,$H6+$I6-1),1),1),1),$I6-1))):INDEX(Attenuation!$J:$J,($H6-1+MIN(MAX(IFERROR(MATCH(LN(O$5),INDEX(Attenuation!$J:$J,$H6):INDEX(Attenuation!$J:$J,$H6+$I6-1),1),1),1),$I6-1))+1))))) -> 27.467712 | P6: =IF($A6="","",IF(P$5>2*$G6,"",EXP(FORECAST(LN(P$5),INDEX(Attenuation!$K:$K,($H6-1+MIN(MAX(IFERROR(MATCH(LN(P$5),INDEX(Attenuation!$J:$J,$H6):INDEX(Attenuation!$J:$J,$H6+$I6-1),1),1),1),$I6-1))):INDEX(Attenuation!$K:$K,($H6-1+MIN(MAX(IFERROR(MATCH(LN(P$5),INDEX(Attenuation!$J:$J,$H6):INDEX(Attenuation!$J:$J,$H6+$I6-1),1),1),1),$I6-1))+1),INDEX(Attenuation!$J:$J,($H6-1+MIN(MAX(IFERROR(MATCH(LN(P$5),INDEX(Attenuation!$J:$J,$H6):INDEX(Attenuation!$J:$J,$H6+$I6-1),1),1),1),$I6-1))):INDEX(Attenuation!$J:$J,($H6-1+MIN(MAX(IFERROR(MATCH(LN(P$5),INDEX(Attenuation!$J:$J,$H6):INDEX(Attenuation!$J:$J,$H6+$I6-1),1),1),1),$I6-1))+1))))) -> 34.448819 | Q6: =IF($A6="","",IF(Q$5>2*$G6,"",EXP(FORECAST(LN(Q$5),INDEX(Attenuation!$K:$K,($H6-1+MIN(MAX(IFERROR(MATCH(LN(Q$5),INDEX(Attenuation!$J:$J,$H6):INDEX(Attenuation!$J:$J,$H6+$I6-1),1),1),1),$I6-1))):INDEX(Attenuation!$K:$K,($H6-1+MIN(MAX(IFERROR(MATCH(LN(Q$5),INDEX(Attenuation!$J:$J,$H6):INDEX(Attenuation!$J:$J,$H6+$I6-1),1),1),1),$I6-1))+1),INDEX(Attenuation!$J:$J,($H6-1+MIN(MAX(IFERROR(MATCH(LN(Q$5),INDEX(Attenuation!$J:$J,$H6):INDEX(Attenuation!$J:$J,$H6+$I6-1),1),1),1),$I6-1))):INDEX(Attenuation!$J:$J,($H6-1+MIN(MAX(IFERROR(MATCH(LN(Q$5),INDEX(Attenuation!$J:$J,$H6):INDEX(Attenuation!$J:$J,$H6+$I6-1),1),1),1),$I6-1))+1))))) -> 53.93656 | ... U6: =IF($A6="","",IF(U$5>2*$G6,"",EXP(FORECAST(LN(U$5),INDEX(Attenuation!$K:$K,($H6-1+MIN(MAX(IFERROR(MATCH(LN(U$5),INDEX(Attenuation!$J:$J,$H6):INDEX(Attenuation!$J:$J,$H6+$I6-1),1),1),1),$I6-1))):INDEX(Attenuation!$K:$K,($H6-1+MIN(MAX(IFERROR(MATCH(LN(U$5),INDEX(Attenuation!$J:$J,$H6):INDEX(Attenuation!$J:$J,$H6+$I6-1),1),1),1),$I6-1))+1),INDEX(Attenuation!$J:$J,($H6-1+MIN(MAX(IFERROR(MATCH(LN(U$5),INDEX(Attenuation!$J:$J,$H6):INDEX(Attenuation!$J:$J,$H6+$I6-1),1),1),1),$I6-1))):INDEX(Attenuation!$J:$J,($H6-1+MIN(MAX(IFERROR(MATCH(LN(U$5),INDEX(Attenuation!$J:$J,$H6):INDEX(Attenuation!$J:$J,$H6+$I6-1),1),1),1),$I6-1))+1))))) | W6: =IF(J6="","",J6*0.3048) -> 3.1625245 | X6: =IF(K6="","",K6*0.3048) -> 3.9469789 | Y6: =IF(L6="","",L6*0.3048) -> 4.9724728 | Z6: =IF(M6="","",M6*0.3048) -> 6.3864896 | AA6: =IF(N6="","",N6*0.3048) -> 7.4823724 | AB6: =IF(O6="","",O6*0.3048) -> 8.3721588 | AC6: =IF(P6="","",P6*0.3048) -> 10.5 | AD6: =IF(Q6="","",Q6*0.3048) -> 16.439864 | ... AH6: =IF(U6="","",U6*0.3048)
A7: =IF(ROWS($A$6:A7)>COUNTA(Cables!$A:$A)-1,"",INDEX(Cables!$A:$A,ROWS($A$6:A7)+1)) -> BEL-8216 | B7: =IF($A7="","",IF(INDEX(Cables!$B:$B,MATCH($A7,Cables!$A:$A,0))="","",INDEX(Cables!$B:$B,MATCH($A7,Cables!$A:$A,0)))) -> Belden 8216 (RG-174) | C7: =IF($A7="","",IF(INDEX(Cables!$F:$F,MATCH($A7,Cables!$A:$A,0))="","",INDEX(Cables!$F:$F,MATCH($A7,Cables!$A:$A,0)))) -> 50 | D7: =IF($A7="","",IF(INDEX(Cables!$H:$H,MATCH($A7,Cables!$A:$A,0))="","",INDEX(Cables!$H:$H,MATCH($A7,Cables!$A:$A,0)))) -> 2.79 | E7: =IF($A7="","",IF(INDEX(Cables!$Q:$Q,MATCH($A7,Cables!$A:$A,0))="","",INDEX(Cables!$Q:$Q,MATCH($A7,Cables!$A:$A,0)))) -> 0.66 | F7: =IF($A7="","",IF(INDEX(Cables!$AQ:$AQ,MATCH($A7,Cables!$A:$A,0))="","",INDEX(Cables!$AQ:$AQ,MATCH($A7,Cables!$A:$A,0)))) -> 1 | G7: =IF($A7="","",IF(INDEX(Cables!$AR:$AR,MATCH($A7,Cables!$A:$A,0))="","",INDEX(Cables!$AR:$AR,MATCH($A7,Cables!$A:$A,0)))) -> 1000 | H7: =IF($A7="","",IF(INDEX(Cables!$AO:$AO,MATCH($A7,Cables!$A:$A,0))="","",INDEX(Cables!$AO:$AO,MATCH($A7,Cables!$A:$A,0)))) -> 11 | I7: =IF($A7="","",IF(INDEX(Cables!$AP:$AP,MATCH($A7,Cables!$A:$A,0))="","",INDEX(Cables!$AP:$AP,MATCH($A7,Cables!$A:$A,0)))) -> 9 | J7: =IF($A7="","",IF(J$5>2*$G7,"",EXP(FORECAST(LN(J$5),INDEX(Attenuation!$K:$K,($H7-1+MIN(MAX(IFERROR(MATCH(LN(J$5),INDEX(Attenuation!$J:$J,$H7):INDEX(Attenuation!$J:$J,$H7+$I7-1),1),1),1),$I7-1))):INDEX(Attenuation!$K:$K,($H7-1+MIN(MAX(IFERROR(MATCH(LN(J$5),INDEX(Attenuation!$J:$J,$H7):INDEX(Attenuation!$J:$J,$H7+$I7-1),1),1),1),$I7-1))+1),INDEX(Attenuation!$J:$J,($H7-1+MIN(MAX(IFERROR(MATCH(LN(J$5),INDEX(Attenuation!$J:$J,$H7):INDEX(Attenuation!$J:$J,$H7+$I7-1),1),1),1),$I7-1))):INDEX(Attenuation!$J:$J,($H7-1+MIN(MAX(IFERROR(MATCH(LN(J$5),INDEX(Attenuation!$J:$J,$H7):INDEX(Attenuation!$J:$J,$H7+$I7-1),1),1),1),$I7-1))+1))))) -> 7.1769986 | K7: =IF($A7="","",IF(K$5>2*$G7,"",EXP(FORECAST(LN(K$5),INDEX(Attenuation!$K:$K,($H7-1+MIN(MAX(IFERROR(MATCH(LN(K$5),INDEX(Attenuation!$J:$J,$H7):INDEX(Attenuation!$J:$J,$H7+$I7-1),1),1),1),$I7-1))):INDEX(Attenuation!$K:$K,($H7-1+MIN(MAX(IFERROR(MATCH(LN(K$5),INDEX(Attenuation!$J:$J,$H7):INDEX(Attenuation!$J:$J,$H7+$I7-1),1),1),1),$I7-1))+1),INDEX(Attenuation!$J:$J,($H7-1+MIN(MAX(IFERROR(MATCH(LN(K$5),INDEX(Attenuation!$J:$J,$H7):INDEX(Attenuation!$J:$J,$H7+$I7-1),1),1),1),$I7-1))):INDEX(Attenuation!$J:$J,($H7-1+MIN(MAX(IFERROR(MATCH(LN(K$5),INDEX(Attenuation!$J:$J,$H7):INDEX(Attenuation!$J:$J,$H7+$I7-1),1),1),1),$I7-1))+1))))) -> 8.4175281 | L7: =IF($A7="","",IF(L$5>2*$G7,"",EXP(FORECAST(LN(L$5),INDEX(Attenuation!$K:$K,($H7-1+MIN(MAX(IFERROR(MATCH(LN(L$5),INDEX(Attenuation!$J:$J,$H7):INDEX(Attenuation!$J:$J,$H7+$I7-1),1),1),1),$I7-1))):INDEX(Attenuation!$K:$K,($H7-1+MIN(MAX(IFERROR(MATCH(LN(L$5),INDEX(Attenuation!$J:$J,$H7):INDEX(Attenuation!$J:$J,$H7+$I7-1),1),1),1),$I7-1))+1),INDEX(Attenuation!$J:$J,($H7-1+MIN(MAX(IFERROR(MATCH(LN(L$5),INDEX(Attenuation!$J:$J,$H7):INDEX(Attenuation!$J:$J,$H7+$I7-1),1),1),1),$I7-1))):INDEX(Attenuation!$J:$J,($H7-1+MIN(MAX(IFERROR(MATCH(LN(L$5),INDEX(Attenuation!$J:$J,$H7):INDEX(Attenuation!$J:$J,$H7+$I7-1),1),1),1),$I7-1))+1))))) -> 9.9393877 | M7: =IF($A7="","",IF(M$5>2*$G7,"",EXP(FORECAST(LN(M$5),INDEX(Attenuation!$K:$K,($H7-1+MIN(MAX(IFERROR(MATCH(LN(M$5),INDEX(Attenuation!$J:$J,$H7):INDEX(Attenuation!$J:$J,$H7+$I7-1),1),1),1),$I7-1))):INDEX(Attenuation!$K:$K,($H7-1+MIN(MAX(IFERROR(MATCH(LN(M$5),INDEX(Attenuation!$J:$J,$H7):INDEX(Attenuation!$J:$J,$H7+$I7-1),1),1),1),$I7-1))+1),INDEX(Attenuation!$J:$J,($H7-1+MIN(MAX(IFERROR(MATCH(LN(M$5),INDEX(Attenuation!$J:$J,$H7):INDEX(Attenuation!$J:$J,$H7+$I7-1),1),1),1),$I7-1))):INDEX(Attenuation!$J:$J,($H7-1+MIN(MAX(IFERROR(MATCH(LN(M$5),INDEX(Attenuation!$J:$J,$H7):INDEX(Attenuation!$J:$J,$H7+$I7-1),1),1),1),$I7-1))+1))))) -> 12.181512 | N7: =IF($A7="","",IF(N$5>2*$G7,"",EXP(FORECAST(LN(N$5),INDEX(Attenuation!$K:$K,($H7-1+MIN(MAX(IFERROR(MATCH(LN(N$5),INDEX(Attenuation!$J:$J,$H7):INDEX(Attenuation!$J:$J,$H7+$I7-1),1),1),1),$I7-1))):INDEX(Attenuation!$K:$K,($H7-1+MIN(MAX(IFERROR(MATCH(LN(N$5),INDEX(Attenuation!$J:$J,$H7):INDEX(Attenuation!$J:$J,$H7+$I7-1),1),1),1),$I7-1))+1),INDEX(Attenuation!$J:$J,($H7-1+MIN(MAX(IFERROR(MATCH(LN(N$5),INDEX(Attenuation!$J:$J,$H7):INDEX(Attenuation!$J:$J,$H7+$I7-1),1),1),1),$I7-1))):INDEX(Attenuation!$J:$J,($H7-1+MIN(MAX(IFERROR(MATCH(LN(N$5),INDEX(Attenuation!$J:$J,$H7):INDEX(Attenuation!$J:$J,$H7+$I7-1),1),1),1),$I7-1))+1))))) -> 14.041138 | O7: =IF($A7="","",IF(O$5>2*$G7,"",EXP(FORECAST(LN(O$5),INDEX(Attenuation!$K:$K,($H7-1+MIN(MAX(IFERROR(MATCH(LN(O$5),INDEX(Attenuation!$J:$J,$H7):INDEX(Attenuation!$J:$J,$H7+$I7-1),1),1),1),$I7-1))):INDEX(Attenuation!$K:$K,($H7-1+MIN(MAX(IFERROR(MATCH(LN(O$5),INDEX(Attenuation!$J:$J,$H7):INDEX(Attenuation!$J:$J,$H7+$I7-1),1),1),1),$I7-1))+1),INDEX(Attenuation!$J:$J,($H7-1+MIN(MAX(IFERROR(MATCH(LN(O$5),INDEX(Attenuation!$J:$J,$H7):INDEX(Attenuation!$J:$J,$H7+$I7-1),1),1),1),$I7-1))):INDEX(Attenuation!$J:$J,($H7-1+MIN(MAX(IFERROR(MATCH(LN(O$5),INDEX(Attenuation!$J:$J,$H7):INDEX(Attenuation!$J:$J,$H7+$I7-1),1),1),1),$I7-1))+1))))) -> 15.530303 | P7: =IF($A7="","",IF(P$5>2*$G7,"",EXP(FORECAST(LN(P$5),INDEX(Attenuation!$K:$K,($H7-1+MIN(MAX(IFERROR(MATCH(LN(P$5),INDEX(Attenuation!$J:$J,$H7):INDEX(Attenuation!$J:$J,$H7+$I7-1),1),1),1),$I7-1))):INDEX(Attenuation!$K:$K,($H7-1+MIN(MAX(IFERROR(MATCH(LN(P$5),INDEX(Attenuation!$J:$J,$H7):INDEX(Attenuation!$J:$J,$H7+$I7-1),1),1),1),$I7-1))+1),INDEX(Attenuation!$J:$J,($H7-1+MIN(MAX(IFERROR(MATCH(LN(P$5),INDEX(Attenuation!$J:$J,$H7):INDEX(Attenuation!$J:$J,$H7+$I7-1),1),1),1),$I7-1))):INDEX(Attenuation!$J:$J,($H7-1+MIN(MAX(IFERROR(MATCH(LN(P$5),INDEX(Attenuation!$J:$J,$H7):INDEX(Attenuation!$J:$J,$H7+$I7-1),1),1),1),$I7-1))+1))))) -> 19.028871 | Q7: =IF($A7="","",IF(Q$5>2*$G7,"",EXP(FORECAST(LN(Q$5),INDEX(Attenuation!$K:$K,($H7-1+MIN(MAX(IFERROR(MATCH(LN(Q$5),INDEX(Attenuation!$J:$J,$H7):INDEX(Attenuation!$J:$J,$H7+$I7-1),1),1),1),$I7-1))):INDEX(Attenuation!$K:$K,($H7-1+MIN(MAX(IFERROR(MATCH(LN(Q$5),INDEX(Attenuation!$J:$J,$H7):INDEX(Attenuation!$J:$J,$H7+$I7-1),1),1),1),$I7-1))+1),INDEX(Attenuation!$J:$J,($H7-1+MIN(MAX(IFERROR(MATCH(LN(Q$5),INDEX(Attenuation!$J:$J,$H7):INDEX(Attenuation!$J:$J,$H7+$I7-1),1),1),1),$I7-1))):INDEX(Attenuation!$J:$J,($H7-1+MIN(MAX(IFERROR(MATCH(LN(Q$5),INDEX(Attenuation!$J:$J,$H7):INDEX(Attenuation!$J:$J,$H7+$I7-1),1),1),1),$I7-1))+1))))) -> 33.968781 | ... U7: =IF($A7="","",IF(U$5>2*$G7,"",EXP(FORECAST(LN(U$5),INDEX(Attenuation!$K:$K,($H7-1+MIN(MAX(IFERROR(MATCH(LN(U$5),INDEX(Attenuation!$J:$J,$H7):INDEX(Attenuation!$J:$J,$H7+$I7-1),1),1),1),$I7-1))):INDEX(Attenuation!$K:$K,($H7-1+MIN(MAX(IFERROR(MATCH(LN(U$5),INDEX(Attenuation!$J:$J,$H7):INDEX(Attenuation!$J:$J,$H7+$I7-1),1),1),1),$I7-1))+1),INDEX(Attenuation!$J:$J,($H7-1+MIN(MAX(IFERROR(MATCH(LN(U$5),INDEX(Attenuation!$J:$J,$H7):INDEX(Attenuation!$J:$J,$H7+$I7-1),1),1),1),$I7-1))):INDEX(Attenuation!$J:$J,($H7-1+MIN(MAX(IFERROR(MATCH(LN(U$5),INDEX(Attenuation!$J:$J,$H7):INDEX(Attenuation!$J:$J,$H7+$I7-1),1),1),1),$I7-1))+1))))) | W7: =IF(J7="","",J7*0.3048) -> 2.1875492 | X7: =IF(K7="","",K7*0.3048) -> 2.5656626 | Y7: =IF(L7="","",L7*0.3048) -> 3.0295254 | Z7: =IF(M7="","",M7*0.3048) -> 3.7129248 | AA7: =IF(N7="","",N7*0.3048) -> 4.2797388 | AB7: =IF(O7="","",O7*0.3048) -> 4.7336364 | AC7: =IF(P7="","",P7*0.3048) -> 5.8 | AD7: =IF(Q7="","",Q7*0.3048) -> 10.353685 | ... AH7: =IF(U7="","",U7*0.3048)
A8: =IF(ROWS($A$6:A8)>COUNTA(Cables!$A:$A)-1,"",INDEX(Cables!$A:$A,ROWS($A$6:A8)+1)) -> BEL-84316 | B8: =IF($A8="","",IF(INDEX(Cables!$B:$B,MATCH($A8,Cables!$A:$A,0))="","",INDEX(Cables!$B:$B,MATCH($A8,Cables!$A:$A,0)))) -> Belden 84316 (RG-316) | C8: =IF($A8="","",IF(INDEX(Cables!$F:$F,MATCH($A8,Cables!$A:$A,0))="","",INDEX(Cables!$F:$F,MATCH($A8,Cables!$A:$A,0)))) -> 50 | D8: =IF($A8="","",IF(INDEX(Cables!$H:$H,MATCH($A8,Cables!$A:$A,0))="","",INDEX(Cables!$H:$H,MATCH($A8,Cables!$A:$A,0)))) -> 2.5 | E8: =IF($A8="","",IF(INDEX(Cables!$Q:$Q,MATCH($A8,Cables!$A:$A,0))="","",INDEX(Cables!$Q:$Q,MATCH($A8,Cables!$A:$A,0)))) -> 0.7 | F8: =IF($A8="","",IF(INDEX(Cables!$AQ:$AQ,MATCH($A8,Cables!$A:$A,0))="","",INDEX(Cables!$AQ:$AQ,MATCH($A8,Cables!$A:$A,0)))) -> 1 | G8: =IF($A8="","",IF(INDEX(Cables!$AR:$AR,MATCH($A8,Cables!$A:$A,0))="","",INDEX(Cables!$AR:$AR,MATCH($A8,Cables!$A:$A,0)))) -> 3000 | H8: =IF($A8="","",IF(INDEX(Cables!$AO:$AO,MATCH($A8,Cables!$A:$A,0))="","",INDEX(Cables!$AO:$AO,MATCH($A8,Cables!$A:$A,0)))) -> 20 | I8: =IF($A8="","",IF(INDEX(Cables!$AP:$AP,MATCH($A8,Cables!$A:$A,0))="","",INDEX(Cables!$AP:$AP,MATCH($A8,Cables!$A:$A,0)))) -> 13 | J8: =IF($A8="","",IF(J$5>2*$G8,"",EXP(FORECAST(LN(J$5),INDEX(Attenuation!$K:$K,($H8-1+MIN(MAX(IFERROR(MATCH(LN(J$5),INDEX(Attenuation!$J:$J,$H8):INDEX(Attenuation!$J:$J,$H8+$I8-1),1),1),1),$I8-1))):INDEX(Attenuation!$K:$K,($H8-1+MIN(MAX(IFERROR(MATCH(LN(J$5),INDEX(Attenuation!$J:$J,$H8):INDEX(Attenuation!$J:$J,$H8+$I8-1),1),1),1),$I8-1))+1),INDEX(Attenuation!$J:$J,($H8-1+MIN(MAX(IFERROR(MATCH(LN(J$5),INDEX(Attenuation!$J:$J,$H8):INDEX(Attenuation!$J:$J,$H8+$I8-1),1),1),1),$I8-1))):INDEX(Attenuation!$J:$J,($H8-1+MIN(MAX(IFERROR(MATCH(LN(J$5),INDEX(Attenuation!$J:$J,$H8):INDEX(Attenuation!$J:$J,$H8+$I8-1),1),1),1),$I8-1))+1))))) -> 4.8424907 | K8: =IF($A8="","",IF(K$5>2*$G8,"",EXP(FORECAST(LN(K$5),INDEX(Attenuation!$K:$K,($H8-1+MIN(MAX(IFERROR(MATCH(LN(K$5),INDEX(Attenuation!$J:$J,$H8):INDEX(Attenuation!$J:$J,$H8+$I8-1),1),1),1),$I8-1))):INDEX(Attenuation!$K:$K,($H8-1+MIN(MAX(IFERROR(MATCH(LN(K$5),INDEX(Attenuation!$J:$J,$H8):INDEX(Attenuation!$J:$J,$H8+$I8-1),1),1),1),$I8-1))+1),INDEX(Attenuation!$J:$J,($H8-1+MIN(MAX(IFERROR(MATCH(LN(K$5),INDEX(Attenuation!$J:$J,$H8):INDEX(Attenuation!$J:$J,$H8+$I8-1),1),1),1),$I8-1))):INDEX(Attenuation!$J:$J,($H8-1+MIN(MAX(IFERROR(MATCH(LN(K$5),INDEX(Attenuation!$J:$J,$H8):INDEX(Attenuation!$J:$J,$H8+$I8-1),1),1),1),$I8-1))+1))))) -> 6.120368 | L8: =IF($A8="","",IF(L$5>2*$G8,"",EXP(FORECAST(LN(L$5),INDEX(Attenuation!$K:$K,($H8-1+MIN(MAX(IFERROR(MATCH(LN(L$5),INDEX(Attenuation!$J:$J,$H8):INDEX(Attenuation!$J:$J,$H8+$I8-1),1),1),1),$I8-1))):INDEX(Attenuation!$K:$K,($H8-1+MIN(MAX(IFERROR(MATCH(LN(L$5),INDEX(Attenuation!$J:$J,$H8):INDEX(Attenuation!$J:$J,$H8+$I8-1),1),1),1),$I8-1))+1),INDEX(Attenuation!$J:$J,($H8-1+MIN(MAX(IFERROR(MATCH(LN(L$5),INDEX(Attenuation!$J:$J,$H8):INDEX(Attenuation!$J:$J,$H8+$I8-1),1),1),1),$I8-1))):INDEX(Attenuation!$J:$J,($H8-1+MIN(MAX(IFERROR(MATCH(LN(L$5),INDEX(Attenuation!$J:$J,$H8):INDEX(Attenuation!$J:$J,$H8+$I8-1),1),1),1),$I8-1))+1))))) -> 7.8125901 | M8: =IF($A8="","",IF(M$5>2*$G8,"",EXP(FORECAST(LN(M$5),INDEX(Attenuation!$K:$K,($H8-1+MIN(MAX(IFERROR(MATCH(LN(M$5),INDEX(Attenuation!$J:$J,$H8):INDEX(Attenuation!$J:$J,$H8+$I8-1),1),1),1),$I8-1))):INDEX(Attenuation!$K:$K,($H8-1+MIN(MAX(IFERROR(MATCH(LN(M$5),INDEX(Attenuation!$J:$J,$H8):INDEX(Attenuation!$J:$J,$H8+$I8-1),1),1),1),$I8-1))+1),INDEX(Attenuation!$J:$J,($H8-1+MIN(MAX(IFERROR(MATCH(LN(M$5),INDEX(Attenuation!$J:$J,$H8):INDEX(Attenuation!$J:$J,$H8+$I8-1),1),1),1),$I8-1))):INDEX(Attenuation!$J:$J,($H8-1+MIN(MAX(IFERROR(MATCH(LN(M$5),INDEX(Attenuation!$J:$J,$H8):INDEX(Attenuation!$J:$J,$H8+$I8-1),1),1),1),$I8-1))+1))))) -> 10.317743 | N8: =IF($A8="","",IF(N$5>2*$G8,"",EXP(FORECAST(LN(N$5),INDEX(Attenuation!$K:$K,($H8-1+MIN(MAX(IFERROR(MATCH(LN(N$5),INDEX(Attenuation!$J:$J,$H8):INDEX(Attenuation!$J:$J,$H8+$I8-1),1),1),1),$I8-1))):INDEX(Attenuation!$K:$K,($H8-1+MIN(MAX(IFERROR(MATCH(LN(N$5),INDEX(Attenuation!$J:$J,$H8):INDEX(Attenuation!$J:$J,$H8+$I8-1),1),1),1),$I8-1))+1),INDEX(Attenuation!$J:$J,($H8-1+MIN(MAX(IFERROR(MATCH(LN(N$5),INDEX(Attenuation!$J:$J,$H8):INDEX(Attenuation!$J:$J,$H8+$I8-1),1),1),1),$I8-1))):INDEX(Attenuation!$J:$J,($H8-1+MIN(MAX(IFERROR(MATCH(LN(N$5),INDEX(Attenuation!$J:$J,$H8):INDEX(Attenuation!$J:$J,$H8+$I8-1),1),1),1),$I8-1))+1))))) -> 12.399441 | O8: =IF($A8="","",IF(O$5>2*$G8,"",EXP(FORECAST(LN(O$5),INDEX(Attenuation!$K:$K,($H8-1+MIN(MAX(IFERROR(MATCH(LN(O$5),INDEX(Attenuation!$J:$J,$H8):INDEX(Attenuation!$J:$J,$H8+$I8-1),1),1),1),$I8-1))):INDEX(Attenuation!$K:$K,($H8-1+MIN(MAX(IFERROR(MATCH(LN(O$5),INDEX(Attenuation!$J:$J,$H8):INDEX(Attenuation!$J:$J,$H8+$I8-1),1),1),1),$I8-1))+1),INDEX(Attenuation!$J:$J,($H8-1+MIN(MAX(IFERROR(MATCH(LN(O$5),INDEX(Attenuation!$J:$J,$H8):INDEX(Attenuation!$J:$J,$H8+$I8-1),1),1),1),$I8-1))):INDEX(Attenuation!$J:$J,($H8-1+MIN(MAX(IFERROR(MATCH(LN(O$5),INDEX(Attenuation!$J:$J,$H8):INDEX(Attenuation!$J:$J,$H8+$I8-1),1),1),1),$I8-1))+1))))) -> 14.126465 | P8: =IF($A8="","",IF(P$5>2*$G8,"",EXP(FORECAST(LN(P$5),INDEX(Attenuation!$K:$K,($H8-1+MIN(MAX(IFERROR(MATCH(LN(P$5),INDEX(Attenuation!$J:$J,$H8):INDEX(Attenuation!$J:$J,$H8+$I8-1),1),1),1),$I8-1))):INDEX(Attenuation!$K:$K,($H8-1+MIN(MAX(IFERROR(MATCH(LN(P$5),INDEX(Attenuation!$J:$J,$H8):INDEX(Attenuation!$J:$J,$H8+$I8-1),1),1),1),$I8-1))+1),INDEX(Attenuation!$J:$J,($H8-1+MIN(MAX(IFERROR(MATCH(LN(P$5),INDEX(Attenuation!$J:$J,$H8):INDEX(Attenuation!$J:$J,$H8+$I8-1),1),1),1),$I8-1))):INDEX(Attenuation!$J:$J,($H8-1+MIN(MAX(IFERROR(MATCH(LN(P$5),INDEX(Attenuation!$J:$J,$H8):INDEX(Attenuation!$J:$J,$H8+$I8-1),1),1),1),$I8-1))+1))))) -> 18.372703 | Q8: =IF($A8="","",IF(Q$5>2*$G8,"",EXP(FORECAST(LN(Q$5),INDEX(Attenuation!$K:$K,($H8-1+MIN(MAX(IFERROR(MATCH(LN(Q$5),INDEX(Attenuation!$J:$J,$H8):INDEX(Attenuation!$J:$J,$H8+$I8-1),1),1),1),$I8-1))):INDEX(Attenuation!$K:$K,($H8-1+MIN(MAX(IFERROR(MATCH(LN(Q$5),INDEX(Attenuation!$J:$J,$H8):INDEX(Attenuation!$J:$J,$H8+$I8-1),1),1),1),$I8-1))+1),INDEX(Attenuation!$J:$J,($H8-1+MIN(MAX(IFERROR(MATCH(LN(Q$5),INDEX(Attenuation!$J:$J,$H8):INDEX(Attenuation!$J:$J,$H8+$I8-1),1),1),1),$I8-1))):INDEX(Attenuation!$J:$J,($H8-1+MIN(MAX(IFERROR(MATCH(LN(Q$5),INDEX(Attenuation!$J:$J,$H8):INDEX(Attenuation!$J:$J,$H8+$I8-1),1),1),1),$I8-1))+1))))) -> 33.058901 | ... U8: =IF($A8="","",IF(U$5>2*$G8,"",EXP(FORECAST(LN(U$5),INDEX(Attenuation!$K:$K,($H8-1+MIN(MAX(IFERROR(MATCH(LN(U$5),INDEX(Attenuation!$J:$J,$H8):INDEX(Attenuation!$J:$J,$H8+$I8-1),1),1),1),$I8-1))):INDEX(Attenuation!$K:$K,($H8-1+MIN(MAX(IFERROR(MATCH(LN(U$5),INDEX(Attenuation!$J:$J,$H8):INDEX(Attenuation!$J:$J,$H8+$I8-1),1),1),1),$I8-1))+1),INDEX(Attenuation!$J:$J,($H8-1+MIN(MAX(IFERROR(MATCH(LN(U$5),INDEX(Attenuation!$J:$J,$H8):INDEX(Attenuation!$J:$J,$H8+$I8-1),1),1),1),$I8-1))):INDEX(Attenuation!$J:$J,($H8-1+MIN(MAX(IFERROR(MATCH(LN(U$5),INDEX(Attenuation!$J:$J,$H8):INDEX(Attenuation!$J:$J,$H8+$I8-1),1),1),1),$I8-1))+1))))) -> 255.02632 | W8: =IF(J8="","",J8*0.3048) -> 1.4759912 | X8: =IF(K8="","",K8*0.3048) -> 1.8654882 | Y8: =IF(L8="","",L8*0.3048) -> 2.3812775 | Z8: =IF(M8="","",M8*0.3048) -> 3.144848 | AA8: =IF(N8="","",N8*0.3048) -> 3.7793498 | AB8: =IF(O8="","",O8*0.3048) -> 4.3057464 | AC8: =IF(P8="","",P8*0.3048) -> 5.6 | AD8: =IF(Q8="","",Q8*0.3048) -> 10.076353 | ... AH8: =IF(U8="","",U8*0.3048) -> 77.732021
A9: =IF(ROWS($A$6:A9)>COUNTA(Cables!$A:$A)-1,"",INDEX(Cables!$A:$A,ROWS($A$6:A9)+1)) -> BEL-83269 | B9: =IF($A9="","",IF(INDEX(Cables!$B:$B,MATCH($A9,Cables!$A:$A,0))="","",INDEX(Cables!$B:$B,MATCH($A9,Cables!$A:$A,0)))) -> Belden 83269 (RG-188) | C9: =IF($A9="","",IF(INDEX(Cables!$F:$F,MATCH($A9,Cables!$A:$A,0))="","",INDEX(Cables!$F:$F,MATCH($A9,Cables!$A:$A,0)))) -> 50 | D9: =IF($A9="","",IF(INDEX(Cables!$H:$H,MATCH($A9,Cables!$A:$A,0))="","",INDEX(Cables!$H:$H,MATCH($A9,Cables!$A:$A,0)))) -> 2.54 | E9: =IF($A9="","",IF(INDEX(Cables!$Q:$Q,MATCH($A9,Cables!$A:$A,0))="","",INDEX(Cables!$Q:$Q,MATCH($A9,Cables!$A:$A,0)))) -> 0.7 | F9: =IF($A9="","",IF(INDEX(Cables!$AQ:$AQ,MATCH($A9,Cables!$A:$A,0))="","",INDEX(Cables!$AQ:$AQ,MATCH($A9,Cables!$A:$A,0)))) -> 1 | G9: =IF($A9="","",IF(INDEX(Cables!$AR:$AR,MATCH($A9,Cables!$A:$A,0))="","",INDEX(Cables!$AR:$AR,MATCH($A9,Cables!$A:$A,0)))) -> 1000 | H9: =IF($A9="","",IF(INDEX(Cables!$AO:$AO,MATCH($A9,Cables!$A:$A,0))="","",INDEX(Cables!$AO:$AO,MATCH($A9,Cables!$A:$A,0)))) -> 33 | I9: =IF($A9="","",IF(INDEX(Cables!$AP:$AP,MATCH($A9,Cables!$A:$A,0))="","",INDEX(Cables!$AP:$AP,MATCH($A9,Cables!$A:$A,0)))) -> 9 | J9: =IF($A9="","",IF(J$5>2*$G9,"",EXP(FORECAST(LN(J$5),INDEX(Attenuation!$K:$K,($H9-1+MIN(MAX(IFERROR(MATCH(LN(J$5),INDEX(Attenuation!$J:$J,$H9):INDEX(Attenuation!$J:$J,$H9+$I9-1),1),1),1),$I9-1))):INDEX(Attenuation!$K:$K,($H9-1+MIN(MAX(IFERROR(MATCH(LN(J$5),INDEX(Attenuation!$J:$J,$H9):INDEX(Attenuation!$J:$J,$H9+$I9-1),1),1),1),$I9-1))+1),INDEX(Attenuation!$J:$J,($H9-1+MIN(MAX(IFERROR(MATCH(LN(J$5),INDEX(Attenuation!$J:$J,$H9):INDEX(Attenuation!$J:$J,$H9+$I9-1),1),1),1),$I9-1))):INDEX(Attenuation!$J:$J,($H9-1+MIN(MAX(IFERROR(MATCH(LN(J$5),INDEX(Attenuation!$J:$J,$H9):INDEX(Attenuation!$J:$J,$H9+$I9-1),1),1),1),$I9-1))+1))))) -> 4.8424907 | K9: =IF($A9="","",IF(K$5>2*$G9,"",EXP(FORECAST(LN(K$5),INDEX(Attenuation!$K:$K,($H9-1+MIN(MAX(IFERROR(MATCH(LN(K$5),INDEX(Attenuation!$J:$J,$H9):INDEX(Attenuation!$J:$J,$H9+$I9-1),1),1),1),$I9-1))):INDEX(Attenuation!$K:$K,($H9-1+MIN(MAX(IFERROR(MATCH(LN(K$5),INDEX(Attenuation!$J:$J,$H9):INDEX(Attenuation!$J:$J,$H9+$I9-1),1),1),1),$I9-1))+1),INDEX(Attenuation!$J:$J,($H9-1+MIN(MAX(IFERROR(MATCH(LN(K$5),INDEX(Attenuation!$J:$J,$H9):INDEX(Attenuation!$J:$J,$H9+$I9-1),1),1),1),$I9-1))):INDEX(Attenuation!$J:$J,($H9-1+MIN(MAX(IFERROR(MATCH(LN(K$5),INDEX(Attenuation!$J:$J,$H9):INDEX(Attenuation!$J:$J,$H9+$I9-1),1),1),1),$I9-1))+1))))) -> 6.120368 | L9: =IF($A9="","",IF(L$5>2*$G9,"",EXP(FORECAST(LN(L$5),INDEX(Attenuation!$K:$K,($H9-1+MIN(MAX(IFERROR(MATCH(LN(L$5),INDEX(Attenuation!$J:$J,$H9):INDEX(Attenuation!$J:$J,$H9+$I9-1),1),1),1),$I9-1))):INDEX(Attenuation!$K:$K,($H9-1+MIN(MAX(IFERROR(MATCH(LN(L$5),INDEX(Attenuation!$J:$J,$H9):INDEX(Attenuation!$J:$J,$H9+$I9-1),1),1),1),$I9-1))+1),INDEX(Attenuation!$J:$J,($H9-1+MIN(MAX(IFERROR(MATCH(LN(L$5),INDEX(Attenuation!$J:$J,$H9):INDEX(Attenuation!$J:$J,$H9+$I9-1),1),1),1),$I9-1))):INDEX(Attenuation!$J:$J,($H9-1+MIN(MAX(IFERROR(MATCH(LN(L$5),INDEX(Attenuation!$J:$J,$H9):INDEX(Attenuation!$J:$J,$H9+$I9-1),1),1),1),$I9-1))+1))))) -> 7.8125901 | M9: =IF($A9="","",IF(M$5>2*$G9,"",EXP(FORECAST(LN(M$5),INDEX(Attenuation!$K:$K,($H9-1+MIN(MAX(IFERROR(MATCH(LN(M$5),INDEX(Attenuation!$J:$J,$H9):INDEX(Attenuation!$J:$J,$H9+$I9-1),1),1),1),$I9-1))):INDEX(Attenuation!$K:$K,($H9-1+MIN(MAX(IFERROR(MATCH(LN(M$5),INDEX(Attenuation!$J:$J,$H9):INDEX(Attenuation!$J:$J,$H9+$I9-1),1),1),1),$I9-1))+1),INDEX(Attenuation!$J:$J,($H9-1+MIN(MAX(IFERROR(MATCH(LN(M$5),INDEX(Attenuation!$J:$J,$H9):INDEX(Attenuation!$J:$J,$H9+$I9-1),1),1),1),$I9-1))):INDEX(Attenuation!$J:$J,($H9-1+MIN(MAX(IFERROR(MATCH(LN(M$5),INDEX(Attenuation!$J:$J,$H9):INDEX(Attenuation!$J:$J,$H9+$I9-1),1),1),1),$I9-1))+1))))) -> 10.317743 | N9: =IF($A9="","",IF(N$5>2*$G9,"",EXP(FORECAST(LN(N$5),INDEX(Attenuation!$K:$K,($H9-1+MIN(MAX(IFERROR(MATCH(LN(N$5),INDEX(Attenuation!$J:$J,$H9):INDEX(Attenuation!$J:$J,$H9+$I9-1),1),1),1),$I9-1))):INDEX(Attenuation!$K:$K,($H9-1+MIN(MAX(IFERROR(MATCH(LN(N$5),INDEX(Attenuation!$J:$J,$H9):INDEX(Attenuation!$J:$J,$H9+$I9-1),1),1),1),$I9-1))+1),INDEX(Attenuation!$J:$J,($H9-1+MIN(MAX(IFERROR(MATCH(LN(N$5),INDEX(Attenuation!$J:$J,$H9):INDEX(Attenuation!$J:$J,$H9+$I9-1),1),1),1),$I9-1))):INDEX(Attenuation!$J:$J,($H9-1+MIN(MAX(IFERROR(MATCH(LN(N$5),INDEX(Attenuation!$J:$J,$H9):INDEX(Attenuation!$J:$J,$H9+$I9-1),1),1),1),$I9-1))+1))))) -> 12.399441 | O9: =IF($A9="","",IF(O$5>2*$G9,"",EXP(FORECAST(LN(O$5),INDEX(Attenuation!$K:$K,($H9-1+MIN(MAX(IFERROR(MATCH(LN(O$5),INDEX(Attenuation!$J:$J,$H9):INDEX(Attenuation!$J:$J,$H9+$I9-1),1),1),1),$I9-1))):INDEX(Attenuation!$K:$K,($H9-1+MIN(MAX(IFERROR(MATCH(LN(O$5),INDEX(Attenuation!$J:$J,$H9):INDEX(Attenuation!$J:$J,$H9+$I9-1),1),1),1),$I9-1))+1),INDEX(Attenuation!$J:$J,($H9-1+MIN(MAX(IFERROR(MATCH(LN(O$5),INDEX(Attenuation!$J:$J,$H9):INDEX(Attenuation!$J:$J,$H9+$I9-1),1),1),1),$I9-1))):INDEX(Attenuation!$J:$J,($H9-1+MIN(MAX(IFERROR(MATCH(LN(O$5),INDEX(Attenuation!$J:$J,$H9):INDEX(Attenuation!$J:$J,$H9+$I9-1),1),1),1),$I9-1))+1))))) -> 14.126465 | P9: =IF($A9="","",IF(P$5>2*$G9,"",EXP(FORECAST(LN(P$5),INDEX(Attenuation!$K:$K,($H9-1+MIN(MAX(IFERROR(MATCH(LN(P$5),INDEX(Attenuation!$J:$J,$H9):INDEX(Attenuation!$J:$J,$H9+$I9-1),1),1),1),$I9-1))):INDEX(Attenuation!$K:$K,($H9-1+MIN(MAX(IFERROR(MATCH(LN(P$5),INDEX(Attenuation!$J:$J,$H9):INDEX(Attenuation!$J:$J,$H9+$I9-1),1),1),1),$I9-1))+1),INDEX(Attenuation!$J:$J,($H9-1+MIN(MAX(IFERROR(MATCH(LN(P$5),INDEX(Attenuation!$J:$J,$H9):INDEX(Attenuation!$J:$J,$H9+$I9-1),1),1),1),$I9-1))):INDEX(Attenuation!$J:$J,($H9-1+MIN(MAX(IFERROR(MATCH(LN(P$5),INDEX(Attenuation!$J:$J,$H9):INDEX(Attenuation!$J:$J,$H9+$I9-1),1),1),1),$I9-1))+1))))) -> 18.372703 | Q9: =IF($A9="","",IF(Q$5>2*$G9,"",EXP(FORECAST(LN(Q$5),INDEX(Attenuation!$K:$K,($H9-1+MIN(MAX(IFERROR(MATCH(LN(Q$5),INDEX(Attenuation!$J:$J,$H9):INDEX(Attenuation!$J:$J,$H9+$I9-1),1),1),1),$I9-1))):INDEX(Attenuation!$K:$K,($H9-1+MIN(MAX(IFERROR(MATCH(LN(Q$5),INDEX(Attenuation!$J:$J,$H9):INDEX(Attenuation!$J:$J,$H9+$I9-1),1),1),1),$I9-1))+1),INDEX(Attenuation!$J:$J,($H9-1+MIN(MAX(IFERROR(MATCH(LN(Q$5),INDEX(Attenuation!$J:$J,$H9):INDEX(Attenuation!$J:$J,$H9+$I9-1),1),1),1),$I9-1))):INDEX(Attenuation!$J:$J,($H9-1+MIN(MAX(IFERROR(MATCH(LN(Q$5),INDEX(Attenuation!$J:$J,$H9):INDEX(Attenuation!$J:$J,$H9+$I9-1),1),1),1),$I9-1))+1))))) -> 33.058901 | ... U9: =IF($A9="","",IF(U$5>2*$G9,"",EXP(FORECAST(LN(U$5),INDEX(Attenuation!$K:$K,($H9-1+MIN(MAX(IFERROR(MATCH(LN(U$5),INDEX(Attenuation!$J:$J,$H9):INDEX(Attenuation!$J:$J,$H9+$I9-1),1),1),1),$I9-1))):INDEX(Attenuation!$K:$K,($H9-1+MIN(MAX(IFERROR(MATCH(LN(U$5),INDEX(Attenuation!$J:$J,$H9):INDEX(Attenuation!$J:$J,$H9+$I9-1),1),1),1),$I9-1))+1),INDEX(Attenuation!$J:$J,($H9-1+MIN(MAX(IFERROR(MATCH(LN(U$5),INDEX(Attenuation!$J:$J,$H9):INDEX(Attenuation!$J:$J,$H9+$I9-1),1),1),1),$I9-1))):INDEX(Attenuation!$J:$J,($H9-1+MIN(MAX(IFERROR(MATCH(LN(U$5),INDEX(Attenuation!$J:$J,$H9):INDEX(Attenuation!$J:$J,$H9+$I9-1),1),1),1),$I9-1))+1))))) | W9: =IF(J9="","",J9*0.3048) -> 1.4759912 | X9: =IF(K9="","",K9*0.3048) -> 1.8654882 | Y9: =IF(L9="","",L9*0.3048) -> 2.3812775 | Z9: =IF(M9="","",M9*0.3048) -> 3.144848 | AA9: =IF(N9="","",N9*0.3048) -> 3.7793498 | AB9: =IF(O9="","",O9*0.3048) -> 4.3057464 | AC9: =IF(P9="","",P9*0.3048) -> 5.6 | AD9: =IF(Q9="","",Q9*0.3048) -> 10.076353 | ... AH9: =IF(U9="","",U9*0.3048)
A10: =IF(ROWS($A$6:A10)>COUNTA(Cables!$A:$A)-1,"",INDEX(Cables!$A:$A,ROWS($A$6:A10)+1)) -> TMS-LMR100A | B10: =IF($A10="","",IF(INDEX(Cables!$B:$B,MATCH($A10,Cables!$A:$A,0))="","",INDEX(Cables!$B:$B,MATCH($A10,Cables!$A:$A,0)))) -> Times Microwave LMR-100A (Amphenol) | C10: =IF($A10="","",IF(INDEX(Cables!$F:$F,MATCH($A10,Cables!$A:$A,0))="","",INDEX(Cables!$F:$F,MATCH($A10,Cables!$A:$A,0)))) -> 50 | D10: =IF($A10="","",IF(INDEX(Cables!$H:$H,MATCH($A10,Cables!$A:$A,0))="","",INDEX(Cables!$H:$H,MATCH($A10,Cables!$A:$A,0)))) -> 2.79 | E10: =IF($A10="","",IF(INDEX(Cables!$Q:$Q,MATCH($A10,Cables!$A:$A,0))="","",INDEX(Cables!$Q:$Q,MATCH($A10,Cables!$A:$A,0)))) -> 0.66 | F10: =IF($A10="","",IF(INDEX(Cables!$AQ:$AQ,MATCH($A10,Cables!$A:$A,0))="","",INDEX(Cables!$AQ:$AQ,MATCH($A10,Cables!$A:$A,0)))) -> 30 | G10: =IF($A10="","",IF(INDEX(Cables!$AR:$AR,MATCH($A10,Cables!$A:$A,0))="","",INDEX(Cables!$AR:$AR,MATCH($A10,Cables!$A:$A,0)))) -> 2500 | H10: =IF($A10="","",IF(INDEX(Cables!$AO:$AO,MATCH($A10,Cables!$A:$A,0))="","",INDEX(Cables!$AO:$AO,MATCH($A10,Cables!$A:$A,0)))) -> 42 | I10: =IF($A10="","",IF(INDEX(Cables!$AP:$AP,MATCH($A10,Cables!$A:$A,0))="","",INDEX(Cables!$AP:$AP,MATCH($A10,Cables!$A:$A,0)))) -> 10 | J10: =IF($A10="","",IF(J$5>2*$G10,"",EXP(FORECAST(LN(J$5),INDEX(Attenuation!$K:$K,($H10-1+MIN(MAX(IFERROR(MATCH(LN(J$5),INDEX(Attenuation!$J:$J,$H10):INDEX(Attenuation!$J:$J,$H10+$I10-1),1),1),1),$I10-1))):INDEX(Attenuation!$K:$K,($H10-1+MIN(MAX(IFERROR(MATCH(LN(J$5),INDEX(Attenuation!$J:$J,$H10):INDEX(Attenuation!$J:$J,$H10+$I10-1),1),1),1),$I10-1))+1),INDEX(Attenuation!$J:$J,($H10-1+MIN(MAX(IFERROR(MATCH(LN(J$5),INDEX(Attenuation!$J:$J,$H10):INDEX(Attenuation!$J:$J,$H10+$I10-1),1),1),1),$I10-1))):INDEX(Attenuation!$J:$J,($H10-1+MIN(MAX(IFERROR(MATCH(LN(J$5),INDEX(Attenuation!$J:$J,$H10):INDEX(Attenuation!$J:$J,$H10+$I10-1),1),1),1),$I10-1))+1))))) -> 2.920024 | K10: =IF($A10="","",IF(K$5>2*$G10,"",EXP(FORECAST(LN(K$5),INDEX(Attenuation!$K:$K,($H10-1+MIN(MAX(IFERROR(MATCH(LN(K$5),INDEX(Attenuation!$J:$J,$H10):INDEX(Attenuation!$J:$J,$H10+$I10-1),1),1),1),$I10-1))):INDEX(Attenuation!$K:$K,($H10-1+MIN(MAX(IFERROR(MATCH(LN(K$5),INDEX(Attenuation!$J:$J,$H10):INDEX(Attenuation!$J:$J,$H10+$I10-1),1),1),1),$I10-1))+1),INDEX(Attenuation!$J:$J,($H10-1+MIN(MAX(IFERROR(MATCH(LN(K$5),INDEX(Attenuation!$J:$J,$H10):INDEX(Attenuation!$J:$J,$H10+$I10-1),1),1),1),$I10-1))):INDEX(Attenuation!$J:$J,($H10-1+MIN(MAX(IFERROR(MATCH(LN(K$5),INDEX(Attenuation!$J:$J,$H10):INDEX(Attenuation!$J:$J,$H10+$I10-1),1),1),1),$I10-1))+1))))) -> 4.1404697 | L10: =IF($A10="","",IF(L$5>2*$G10,"",EXP(FORECAST(LN(L$5),INDEX(Attenuation!$K:$K,($H10-1+MIN(MAX(IFERROR(MATCH(LN(L$5),INDEX(Attenuation!$J:$J,$H10):INDEX(Attenuation!$J:$J,$H10+$I10-1),1),1),1),$I10-1))):INDEX(Attenuation!$K:$K,($H10-1+MIN(MAX(IFERROR(MATCH(LN(L$5),INDEX(Attenuation!$J:$J,$H10):INDEX(Attenuation!$J:$J,$H10+$I10-1),1),1),1),$I10-1))+1),INDEX(Attenuation!$J:$J,($H10-1+MIN(MAX(IFERROR(MATCH(LN(L$5),INDEX(Attenuation!$J:$J,$H10):INDEX(Attenuation!$J:$J,$H10+$I10-1),1),1),1),$I10-1))):INDEX(Attenuation!$J:$J,($H10-1+MIN(MAX(IFERROR(MATCH(LN(L$5),INDEX(Attenuation!$J:$J,$H10):INDEX(Attenuation!$J:$J,$H10+$I10-1),1),1),1),$I10-1))+1))))) -> 5.958512 | M10: =IF($A10="","",IF(M$5>2*$G10,"",EXP(FORECAST(LN(M$5),INDEX(Attenuation!$K:$K,($H10-1+MIN(MAX(IFERROR(MATCH(LN(M$5),INDEX(Attenuation!$J:$J,$H10):INDEX(Attenuation!$J:$J,$H10+$I10-1),1),1),1),$I10-1))):INDEX(Attenuation!$K:$K,($H10-1+MIN(MAX(IFERROR(MATCH(LN(M$5),INDEX(Attenuation!$J:$J,$H10):INDEX(Attenuation!$J:$J,$H10+$I10-1),1),1),1),$I10-1))+1),INDEX(Attenuation!$J:$J,($H10-1+MIN(MAX(IFERROR(MATCH(LN(M$5),INDEX(Attenuation!$J:$J,$H10):INDEX(Attenuation!$J:$J,$H10+$I10-1),1),1),1),$I10-1))):INDEX(Attenuation!$J:$J,($H10-1+MIN(MAX(IFERROR(MATCH(LN(M$5),INDEX(Attenuation!$J:$J,$H10):INDEX(Attenuation!$J:$J,$H10+$I10-1),1),1),1),$I10-1))+1))))) -> 8.5748399 | N10: =IF($A10="","",IF(N$5>2*$G10,"",EXP(FORECAST(LN(N$5),INDEX(Attenuation!$K:$K,($H10-1+MIN(MAX(IFERROR(MATCH(LN(N$5),INDEX(Attenuation!$J:$J,$H10):INDEX(Attenuation!$J:$J,$H10+$I10-1),1),1),1),$I10-1))):INDEX(Attenuation!$K:$K,($H10-1+MIN(MAX(IFERROR(MATCH(LN(N$5),INDEX(Attenuation!$J:$J,$H10):INDEX(Attenuation!$J:$J,$H10+$I10-1),1),1),1),$I10-1))+1),INDEX(Attenuation!$J:$J,($H10-1+MIN(MAX(IFERROR(MATCH(LN(N$5),INDEX(Attenuation!$J:$J,$H10):INDEX(Attenuation!$J:$J,$H10+$I10-1),1),1),1),$I10-1))):INDEX(Attenuation!$J:$J,($H10-1+MIN(MAX(IFERROR(MATCH(LN(N$5),INDEX(Attenuation!$J:$J,$H10):INDEX(Attenuation!$J:$J,$H10+$I10-1),1),1),1),$I10-1))+1))))) -> 10.609666 | O10: =IF($A10="","",IF(O$5>2*$G10,"",EXP(FORECAST(LN(O$5),INDEX(Attenuation!$K:$K,($H10-1+MIN(MAX(IFERROR(MATCH(LN(O$5),INDEX(Attenuation!$J:$J,$H10):INDEX(Attenuation!$J:$J,$H10+$I10-1),1),1),1),$I10-1))):INDEX(Attenuation!$K:$K,($H10-1+MIN(MAX(IFERROR(MATCH(LN(O$5),INDEX(Attenuation!$J:$J,$H10):INDEX(Attenuation!$J:$J,$H10+$I10-1),1),1),1),$I10-1))+1),INDEX(Attenuation!$J:$J,($H10-1+MIN(MAX(IFERROR(MATCH(LN(O$5),INDEX(Attenuation!$J:$J,$H10):INDEX(Attenuation!$J:$J,$H10+$I10-1),1),1),1),$I10-1))):INDEX(Attenuation!$J:$J,($H10-1+MIN(MAX(IFERROR(MATCH(LN(O$5),INDEX(Attenuation!$J:$J,$H10):INDEX(Attenuation!$J:$J,$H10+$I10-1),1),1),1),$I10-1))+1))))) -> 12.339974 | P10: =IF($A10="","",IF(P$5>2*$G10,"",EXP(FORECAST(LN(P$5),INDEX(Attenuation!$K:$K,($H10-1+MIN(MAX(IFERROR(MATCH(LN(P$5),INDEX(Attenuation!$J:$J,$H10):INDEX(Attenuation!$J:$J,$H10+$I10-1),1),1),1),$I10-1))):INDEX(Attenuation!$K:$K,($H10-1+MIN(MAX(IFERROR(MATCH(LN(P$5),INDEX(Attenuation!$J:$J,$H10):INDEX(Attenuation!$J:$J,$H10+$I10-1),1),1),1),$I10-1))+1),INDEX(Attenuation!$J:$J,($H10-1+MIN(MAX(IFERROR(MATCH(LN(P$5),INDEX(Attenuation!$J:$J,$H10):INDEX(Attenuation!$J:$J,$H10+$I10-1),1),1),1),$I10-1))):INDEX(Attenuation!$J:$J,($H10-1+MIN(MAX(IFERROR(MATCH(LN(P$5),INDEX(Attenuation!$J:$J,$H10):INDEX(Attenuation!$J:$J,$H10+$I10-1),1),1),1),$I10-1))+1))))) -> 16.732283 | Q10: =IF($A10="","",IF(Q$5>2*$G10,"",EXP(FORECAST(LN(Q$5),INDEX(Attenuation!$K:$K,($H10-1+MIN(MAX(IFERROR(MATCH(LN(Q$5),INDEX(Attenuation!$J:$J,$H10):INDEX(Attenuation!$J:$J,$H10+$I10-1),1),1),1),$I10-1))):INDEX(Attenuation!$K:$K,($H10-1+MIN(MAX(IFERROR(MATCH(LN(Q$5),INDEX(Attenuation!$J:$J,$H10):INDEX(Attenuation!$J:$J,$H10+$I10-1),1),1),1),$I10-1))+1),INDEX(Attenuation!$J:$J,($H10-1+MIN(MAX(IFERROR(MATCH(LN(Q$5),INDEX(Attenuation!$J:$J,$H10):INDEX(Attenuation!$J:$J,$H10+$I10-1),1),1),1),$I10-1))):INDEX(Attenuation!$J:$J,($H10-1+MIN(MAX(IFERROR(MATCH(LN(Q$5),INDEX(Attenuation!$J:$J,$H10):INDEX(Attenuation!$J:$J,$H10+$I10-1),1),1),1),$I10-1))+1))))) -> 28.601549 | ... U10: =IF($A10="","",IF(U$5>2*$G10,"",EXP(FORECAST(LN(U$5),INDEX(Attenuation!$K:$K,($H10-1+MIN(MAX(IFERROR(MATCH(LN(U$5),INDEX(Attenuation!$J:$J,$H10):INDEX(Attenuation!$J:$J,$H10+$I10-1),1),1),1),$I10-1))):INDEX(Attenuation!$K:$K,($H10-1+MIN(MAX(IFERROR(MATCH(LN(U$5),INDEX(Attenuation!$J:$J,$H10):INDEX(Attenuation!$J:$J,$H10+$I10-1),1),1),1),$I10-1))+1),INDEX(Attenuation!$J:$J,($H10-1+MIN(MAX(IFERROR(MATCH(LN(U$5),INDEX(Attenuation!$J:$J,$H10):INDEX(Attenuation!$J:$J,$H10+$I10-1),1),1),1),$I10-1))):INDEX(Attenuation!$J:$J,($H10-1+MIN(MAX(IFERROR(MATCH(LN(U$5),INDEX(Attenuation!$J:$J,$H10):INDEX(Attenuation!$J:$J,$H10+$I10-1),1),1),1),$I10-1))+1))))) | W10: =IF(J10="","",J10*0.3048) -> 0.89002331 | X10: =IF(K10="","",K10*0.3048) -> 1.2620152 | Y10: =IF(L10="","",L10*0.3048) -> 1.8161544 | Z10: =IF(M10="","",M10*0.3048) -> 2.6136112 | AA10: =IF(N10="","",N10*0.3048) -> 3.2338261 | AB10: =IF(O10="","",O10*0.3048) -> 3.7612239 | AC10: =IF(P10="","",P10*0.3048) -> 5.1 | AD10: =IF(Q10="","",Q10*0.3048) -> 8.7177522 | ... AH10: =IF(U10="","",U10*0.3048)
A11: =IF(ROWS($A$6:A11)>COUNTA(Cables!$A:$A)-1,"",INDEX(Cables!$A:$A,ROWS($A$6:A11)+1)) -> BEL-8259 | B11: =IF($A11="","",IF(INDEX(Cables!$B:$B,MATCH($A11,Cables!$A:$A,0))="","",INDEX(Cables!$B:$B,MATCH($A11,Cables!$A:$A,0)))) -> Belden 8259 (RG-58) | C11: =IF($A11="","",IF(INDEX(Cables!$F:$F,MATCH($A11,Cables!$A:$A,0))="","",INDEX(Cables!$F:$F,MATCH($A11,Cables!$A:$A,0)))) -> 50 | D11: =IF($A11="","",IF(INDEX(Cables!$H:$H,MATCH($A11,Cables!$A:$A,0))="","",INDEX(Cables!$H:$H,MATCH($A11,Cables!$A:$A,0)))) -> 4.9 | E11: =IF($A11="","",IF(INDEX(Cables!$Q:$Q,MATCH($A11,Cables!$A:$A,0))="","",INDEX(Cables!$Q:$Q,MATCH($A11,Cables!$A:$A,0)))) -> 0.66 | F11: =IF($A11="","",IF(INDEX(Cables!$AQ:$AQ,MATCH($A11,Cables!$A:$A,0))="","",INDEX(Cables!$AQ:$AQ,MATCH($A11,Cables!$A:$A,0)))) -> 1 | G11: =IF($A11="","",IF(INDEX(Cables!$AR:$AR,MATCH($A11,Cables!$A:$A,0))="","",INDEX(Cables!$AR:$AR,MATCH($A11,Cables!$A:$A,0)))) -> 1000 | H11: =IF($A11="","",IF(INDEX(Cables!$AO:$AO,MATCH($A11,Cables!$A:$A,0))="","",INDEX(Cables!$AO:$AO,MATCH($A11,Cables!$A:$A,0)))) -> 52 | I11: =IF($A11="","",IF(INDEX(Cables!$AP:$AP,MATCH($A11,Cables!$A:$A,0))="","",INDEX(Cables!$AP:$AP,MATCH($A11,Cables!$A:$A,0)))) -> 9 | J11: =IF($A11="","",IF(J$5>2*$G11,"",EXP(FORECAST(LN(J$5),INDEX(Attenuation!$K:$K,($H11-1+MIN(MAX(IFERROR(MATCH(LN(J$5),INDEX(Attenuation!$J:$J,$H11):INDEX(Attenuation!$J:$J,$H11+$I11-1),1),1),1),$I11-1))):INDEX(Attenuation!$K:$K,($H11-1+MIN(MAX(IFERROR(MATCH(LN(J$5),INDEX(Attenuation!$J:$J,$H11):INDEX(Attenuation!$J:$J,$H11+$I11-1),1),1),1),$I11-1))+1),INDEX(Attenuation!$J:$J,($H11-1+MIN(MAX(IFERROR(MATCH(LN(J$5),INDEX(Attenuation!$J:$J,$H11):INDEX(Attenuation!$J:$J,$H11+$I11-1),1),1),1),$I11-1))):INDEX(Attenuation!$J:$J,($H11-1+MIN(MAX(IFERROR(MATCH(LN(J$5),INDEX(Attenuation!$J:$J,$H11):INDEX(Attenuation!$J:$J,$H11+$I11-1),1),1),1),$I11-1))+1))))) -> 1.8389903 | K11: =IF($A11="","",IF(K$5>2*$G11,"",EXP(FORECAST(LN(K$5),INDEX(Attenuation!$K:$K,($H11-1+MIN(MAX(IFERROR(MATCH(LN(K$5),INDEX(Attenuation!$J:$J,$H11):INDEX(Attenuation!$J:$J,$H11+$I11-1),1),1),1),$I11-1))):INDEX(Attenuation!$K:$K,($H11-1+MIN(MAX(IFERROR(MATCH(LN(K$5),INDEX(Attenuation!$J:$J,$H11):INDEX(Attenuation!$J:$J,$H11+$I11-1),1),1),1),$I11-1))+1),INDEX(Attenuation!$J:$J,($H11-1+MIN(MAX(IFERROR(MATCH(LN(K$5),INDEX(Attenuation!$J:$J,$H11):INDEX(Attenuation!$J:$J,$H11+$I11-1),1),1),1),$I11-1))):INDEX(Attenuation!$J:$J,($H11-1+MIN(MAX(IFERROR(MATCH(LN(K$5),INDEX(Attenuation!$J:$J,$H11):INDEX(Attenuation!$J:$J,$H11+$I11-1),1),1),1),$I11-1))+1))))) -> 2.6937488 | L11: =IF($A11="","",IF(L$5>2*$G11,"",EXP(FORECAST(LN(L$5),INDEX(Attenuation!$K:$K,($H11-1+MIN(MAX(IFERROR(MATCH(LN(L$5),INDEX(Attenuation!$J:$J,$H11):INDEX(Attenuation!$J:$J,$H11+$I11-1),1),1),1),$I11-1))):INDEX(Attenuation!$K:$K,($H11-1+MIN(MAX(IFERROR(MATCH(LN(L$5),INDEX(Attenuation!$J:$J,$H11):INDEX(Attenuation!$J:$J,$H11+$I11-1),1),1),1),$I11-1))+1),INDEX(Attenuation!$J:$J,($H11-1+MIN(MAX(IFERROR(MATCH(LN(L$5),INDEX(Attenuation!$J:$J,$H11):INDEX(Attenuation!$J:$J,$H11+$I11-1),1),1),1),$I11-1))):INDEX(Attenuation!$J:$J,($H11-1+MIN(MAX(IFERROR(MATCH(LN(L$5),INDEX(Attenuation!$J:$J,$H11):INDEX(Attenuation!$J:$J,$H11+$I11-1),1),1),1),$I11-1))+1))))) -> 4.0101233 | M11: =IF($A11="","",IF(M$5>2*$G11,"",EXP(FORECAST(LN(M$5),INDEX(Attenuation!$K:$K,($H11-1+MIN(MAX(IFERROR(MATCH(LN(M$5),INDEX(Attenuation!$J:$J,$H11):INDEX(Attenuation!$J:$J,$H11+$I11-1),1),1),1),$I11-1))):INDEX(Attenuation!$K:$K,($H11-1+MIN(MAX(IFERROR(MATCH(LN(M$5),INDEX(Attenuation!$J:$J,$H11):INDEX(Attenuation!$J:$J,$H11+$I11-1),1),1),1),$I11-1))+1),INDEX(Attenuation!$J:$J,($H11-1+MIN(MAX(IFERROR(MATCH(LN(M$5),INDEX(Attenuation!$J:$J,$H11):INDEX(Attenuation!$J:$J,$H11+$I11-1),1),1),1),$I11-1))):INDEX(Attenuation!$J:$J,($H11-1+MIN(MAX(IFERROR(MATCH(LN(M$5),INDEX(Attenuation!$J:$J,$H11):INDEX(Attenuation!$J:$J,$H11+$I11-1),1),1),1),$I11-1))+1))))) -> 5.9436288 | N11: =IF($A11="","",IF(N$5>2*$G11,"",EXP(FORECAST(LN(N$5),INDEX(Attenuation!$K:$K,($H11-1+MIN(MAX(IFERROR(MATCH(LN(N$5),INDEX(Attenuation!$J:$J,$H11):INDEX(Attenuation!$J:$J,$H11+$I11-1),1),1),1),$I11-1))):INDEX(Attenuation!$K:$K,($H11-1+MIN(MAX(IFERROR(MATCH(LN(N$5),INDEX(Attenuation!$J:$J,$H11):INDEX(Attenuation!$J:$J,$H11+$I11-1),1),1),1),$I11-1))+1),INDEX(Attenuation!$J:$J,($H11-1+MIN(MAX(IFERROR(MATCH(LN(N$5),INDEX(Attenuation!$J:$J,$H11):INDEX(Attenuation!$J:$J,$H11+$I11-1),1),1),1),$I11-1))):INDEX(Attenuation!$J:$J,($H11-1+MIN(MAX(IFERROR(MATCH(LN(N$5),INDEX(Attenuation!$J:$J,$H11):INDEX(Attenuation!$J:$J,$H11+$I11-1),1),1),1),$I11-1))+1))))) -> 7.461668 | O11: =IF($A11="","",IF(O$5>2*$G11,"",EXP(FORECAST(LN(O$5),INDEX(Attenuation!$K:$K,($H11-1+MIN(MAX(IFERROR(MATCH(LN(O$5),INDEX(Attenuation!$J:$J,$H11):INDEX(Attenuation!$J:$J,$H11+$I11-1),1),1),1),$I11-1))):INDEX(Attenuation!$K:$K,($H11-1+MIN(MAX(IFERROR(MATCH(LN(O$5),INDEX(Attenuation!$J:$J,$H11):INDEX(Attenuation!$J:$J,$H11+$I11-1),1),1),1),$I11-1))+1),INDEX(Attenuation!$J:$J,($H11-1+MIN(MAX(IFERROR(MATCH(LN(O$5),INDEX(Attenuation!$J:$J,$H11):INDEX(Attenuation!$J:$J,$H11+$I11-1),1),1),1),$I11-1))):INDEX(Attenuation!$J:$J,($H11-1+MIN(MAX(IFERROR(MATCH(LN(O$5),INDEX(Attenuation!$J:$J,$H11):INDEX(Attenuation!$J:$J,$H11+$I11-1),1),1),1),$I11-1))+1))))) -> 8.768483 | P11: =IF($A11="","",IF(P$5>2*$G11,"",EXP(FORECAST(LN(P$5),INDEX(Attenuation!$K:$K,($H11-1+MIN(MAX(IFERROR(MATCH(LN(P$5),INDEX(Attenuation!$J:$J,$H11):INDEX(Attenuation!$J:$J,$H11+$I11-1),1),1),1),$I11-1))):INDEX(Attenuation!$K:$K,($H11-1+MIN(MAX(IFERROR(MATCH(LN(P$5),INDEX(Attenuation!$J:$J,$H11):INDEX(Attenuation!$J:$J,$H11+$I11-1),1),1),1),$I11-1))+1),INDEX(Attenuation!$J:$J,($H11-1+MIN(MAX(IFERROR(MATCH(LN(P$5),INDEX(Attenuation!$J:$J,$H11):INDEX(Attenuation!$J:$J,$H11+$I11-1),1),1),1),$I11-1))):INDEX(Attenuation!$J:$J,($H11-1+MIN(MAX(IFERROR(MATCH(LN(P$5),INDEX(Attenuation!$J:$J,$H11):INDEX(Attenuation!$J:$J,$H11+$I11-1),1),1),1),$I11-1))+1))))) -> 12.139108 | Q11: =IF($A11="","",IF(Q$5>2*$G11,"",EXP(FORECAST(LN(Q$5),INDEX(Attenuation!$K:$K,($H11-1+MIN(MAX(IFERROR(MATCH(LN(Q$5),INDEX(Attenuation!$J:$J,$H11):INDEX(Attenuation!$J:$J,$H11+$I11-1),1),1),1),$I11-1))):INDEX(Attenuation!$K:$K,($H11-1+MIN(MAX(IFERROR(MATCH(LN(Q$5),INDEX(Attenuation!$J:$J,$H11):INDEX(Attenuation!$J:$J,$H11+$I11-1),1),1),1),$I11-1))+1),INDEX(Attenuation!$J:$J,($H11-1+MIN(MAX(IFERROR(MATCH(LN(Q$5),INDEX(Attenuation!$J:$J,$H11):INDEX(Attenuation!$J:$J,$H11+$I11-1),1),1),1),$I11-1))):INDEX(Attenuation!$J:$J,($H11-1+MIN(MAX(IFERROR(MATCH(LN(Q$5),INDEX(Attenuation!$J:$J,$H11):INDEX(Attenuation!$J:$J,$H11+$I11-1),1),1),1),$I11-1))+1))))) -> 21.928803 | ... U11: =IF($A11="","",IF(U$5>2*$G11,"",EXP(FORECAST(LN(U$5),INDEX(Attenuation!$K:$K,($H11-1+MIN(MAX(IFERROR(MATCH(LN(U$5),INDEX(Attenuation!$J:$J,$H11):INDEX(Attenuation!$J:$J,$H11+$I11-1),1),1),1),$I11-1))):INDEX(Attenuation!$K:$K,($H11-1+MIN(MAX(IFERROR(MATCH(LN(U$5),INDEX(Attenuation!$J:$J,$H11):INDEX(Attenuation!$J:$J,$H11+$I11-1),1),1),1),$I11-1))+1),INDEX(Attenuation!$J:$J,($H11-1+MIN(MAX(IFERROR(MATCH(LN(U$5),INDEX(Attenuation!$J:$J,$H11):INDEX(Attenuation!$J:$J,$H11+$I11-1),1),1),1),$I11-1))):INDEX(Attenuation!$J:$J,($H11-1+MIN(MAX(IFERROR(MATCH(LN(U$5),INDEX(Attenuation!$J:$J,$H11):INDEX(Attenuation!$J:$J,$H11+$I11-1),1),1),1),$I11-1))+1))))) | W11: =IF(J11="","",J11*0.3048) -> 0.56052423 | X11: =IF(K11="","",K11*0.3048) -> 0.82105464 | Y11: =IF(L11="","",L11*0.3048) -> 1.2222856 | Z11: =IF(M11="","",M11*0.3048) -> 1.8116181 | AA11: =IF(N11="","",N11*0.3048) -> 2.2743164 | AB11: =IF(O11="","",O11*0.3048) -> 2.6726336 | AC11: =IF(P11="","",P11*0.3048) -> 3.7 | AD11: =IF(Q11="","",Q11*0.3048) -> 6.683899 | ... AH11: =IF(U11="","",U11*0.3048)
A12: =IF(ROWS($A$6:A12)>COUNTA(Cables!$A:$A)-1,"",INDEX(Cables!$A:$A,ROWS($A$6:A12)+1)) -> MP-RG58CU | B12: =IF($A12="","",IF(INDEX(Cables!$B:$B,MATCH($A12,Cables!$A:$A,0))="","",INDEX(Cables!$B:$B,MATCH($A12,Cables!$A:$A,0)))) -> Messi & Paoloni RG 58 C/U | C12: =IF($A12="","",IF(INDEX(Cables!$F:$F,MATCH($A12,Cables!$A:$A,0))="","",INDEX(Cables!$F:$F,MATCH($A12,Cables!$A:$A,0)))) -> 50 | D12: =IF($A12="","",IF(INDEX(Cables!$H:$H,MATCH($A12,Cables!$A:$A,0))="","",INDEX(Cables!$H:$H,MATCH($A12,Cables!$A:$A,0)))) -> 5 | E12: =IF($A12="","",IF(INDEX(Cables!$Q:$Q,MATCH($A12,Cables!$A:$A,0))="","",INDEX(Cables!$Q:$Q,MATCH($A12,Cables!$A:$A,0)))) | F12: =IF($A12="","",IF(INDEX(Cables!$AQ:$AQ,MATCH($A12,Cables!$A:$A,0))="","",INDEX(Cables!$AQ:$AQ,MATCH($A12,Cables!$A:$A,0)))) -> 10 | G12: =IF($A12="","",IF(INDEX(Cables!$AR:$AR,MATCH($A12,Cables!$A:$A,0))="","",INDEX(Cables!$AR:$AR,MATCH($A12,Cables!$A:$A,0)))) -> 1296 | H12: =IF($A12="","",IF(INDEX(Cables!$AO:$AO,MATCH($A12,Cables!$A:$A,0))="","",INDEX(Cables!$AO:$AO,MATCH($A12,Cables!$A:$A,0)))) -> 61 | I12: =IF($A12="","",IF(INDEX(Cables!$AP:$AP,MATCH($A12,Cables!$A:$A,0))="","",INDEX(Cables!$AP:$AP,MATCH($A12,Cables!$A:$A,0)))) -> 9 | J12: =IF($A12="","",IF(J$5>2*$G12,"",EXP(FORECAST(LN(J$5),INDEX(Attenuation!$K:$K,($H12-1+MIN(MAX(IFERROR(MATCH(LN(J$5),INDEX(Attenuation!$J:$J,$H12):INDEX(Attenuation!$J:$J,$H12+$I12-1),1),1),1),$I12-1))):INDEX(Attenuation!$K:$K,($H12-1+MIN(MAX(IFERROR(MATCH(LN(J$5),INDEX(Attenuation!$J:$J,$H12):INDEX(Attenuation!$J:$J,$H12+$I12-1),1),1),1),$I12-1))+1),INDEX(Attenuation!$J:$J,($H12-1+MIN(MAX(IFERROR(MATCH(LN(J$5),INDEX(Attenuation!$J:$J,$H12):INDEX(Attenuation!$J:$J,$H12+$I12-1),1),1),1),$I12-1))):INDEX(Attenuation!$J:$J,($H12-1+MIN(MAX(IFERROR(MATCH(LN(J$5),INDEX(Attenuation!$J:$J,$H12):INDEX(Attenuation!$J:$J,$H12+$I12-1),1),1),1),$I12-1))+1))))) -> 1.9791836 | K12: =IF($A12="","",IF(K$5>2*$G12,"",EXP(FORECAST(LN(K$5),INDEX(Attenuation!$K:$K,($H12-1+MIN(MAX(IFERROR(MATCH(LN(K$5),INDEX(Attenuation!$J:$J,$H12):INDEX(Attenuation!$J:$J,$H12+$I12-1),1),1),1),$I12-1))):INDEX(Attenuation!$K:$K,($H12-1+MIN(MAX(IFERROR(MATCH(LN(K$5),INDEX(Attenuation!$J:$J,$H12):INDEX(Attenuation!$J:$J,$H12+$I12-1),1),1),1),$I12-1))+1),INDEX(Attenuation!$J:$J,($H12-1+MIN(MAX(IFERROR(MATCH(LN(K$5),INDEX(Attenuation!$J:$J,$H12):INDEX(Attenuation!$J:$J,$H12+$I12-1),1),1),1),$I12-1))):INDEX(Attenuation!$J:$J,($H12-1+MIN(MAX(IFERROR(MATCH(LN(K$5),INDEX(Attenuation!$J:$J,$H12):INDEX(Attenuation!$J:$J,$H12+$I12-1),1),1),1),$I12-1))+1))))) -> 2.7678554 | L12: =IF($A12="","",IF(L$5>2*$G12,"",EXP(FORECAST(LN(L$5),INDEX(Attenuation!$K:$K,($H12-1+MIN(MAX(IFERROR(MATCH(LN(L$5),INDEX(Attenuation!$J:$J,$H12):INDEX(Attenuation!$J:$J,$H12+$I12-1),1),1),1),$I12-1))):INDEX(Attenuation!$K:$K,($H12-1+MIN(MAX(IFERROR(MATCH(LN(L$5),INDEX(Attenuation!$J:$J,$H12):INDEX(Attenuation!$J:$J,$H12+$I12-1),1),1),1),$I12-1))+1),INDEX(Attenuation!$J:$J,($H12-1+MIN(MAX(IFERROR(MATCH(LN(L$5),INDEX(Attenuation!$J:$J,$H12):INDEX(Attenuation!$J:$J,$H12+$I12-1),1),1),1),$I12-1))):INDEX(Attenuation!$J:$J,($H12-1+MIN(MAX(IFERROR(MATCH(LN(L$5),INDEX(Attenuation!$J:$J,$H12):INDEX(Attenuation!$J:$J,$H12+$I12-1),1),1),1),$I12-1))+1))))) -> 3.9261898 | M12: =IF($A12="","",IF(M$5>2*$G12,"",EXP(FORECAST(LN(M$5),INDEX(Attenuation!$K:$K,($H12-1+MIN(MAX(IFERROR(MATCH(LN(M$5),INDEX(Attenuation!$J:$J,$H12):INDEX(Attenuation!$J:$J,$H12+$I12-1),1),1),1),$I12-1))):INDEX(Attenuation!$K:$K,($H12-1+MIN(MAX(IFERROR(MATCH(LN(M$5),INDEX(Attenuation!$J:$J,$H12):INDEX(Attenuation!$J:$J,$H12+$I12-1),1),1),1),$I12-1))+1),INDEX(Attenuation!$J:$J,($H12-1+MIN(MAX(IFERROR(MATCH(LN(M$5),INDEX(Attenuation!$J:$J,$H12):INDEX(Attenuation!$J:$J,$H12+$I12-1),1),1),1),$I12-1))):INDEX(Attenuation!$J:$J,($H12-1+MIN(MAX(IFERROR(MATCH(LN(M$5),INDEX(Attenuation!$J:$J,$H12):INDEX(Attenuation!$J:$J,$H12+$I12-1),1),1),1),$I12-1))+1))))) -> 5.5692818 | N12: =IF($A12="","",IF(N$5>2*$G12,"",EXP(FORECAST(LN(N$5),INDEX(Attenuation!$K:$K,($H12-1+MIN(MAX(IFERROR(MATCH(LN(N$5),INDEX(Attenuation!$J:$J,$H12):INDEX(Attenuation!$J:$J,$H12+$I12-1),1),1),1),$I12-1))):INDEX(Attenuation!$K:$K,($H12-1+MIN(MAX(IFERROR(MATCH(LN(N$5),INDEX(Attenuation!$J:$J,$H12):INDEX(Attenuation!$J:$J,$H12+$I12-1),1),1),1),$I12-1))+1),INDEX(Attenuation!$J:$J,($H12-1+MIN(MAX(IFERROR(MATCH(LN(N$5),INDEX(Attenuation!$J:$J,$H12):INDEX(Attenuation!$J:$J,$H12+$I12-1),1),1),1),$I12-1))):INDEX(Attenuation!$J:$J,($H12-1+MIN(MAX(IFERROR(MATCH(LN(N$5),INDEX(Attenuation!$J:$J,$H12):INDEX(Attenuation!$J:$J,$H12+$I12-1),1),1),1),$I12-1))+1))))) -> 6.833022 | O12: =IF($A12="","",IF(O$5>2*$G12,"",EXP(FORECAST(LN(O$5),INDEX(Attenuation!$K:$K,($H12-1+MIN(MAX(IFERROR(MATCH(LN(O$5),INDEX(Attenuation!$J:$J,$H12):INDEX(Attenuation!$J:$J,$H12+$I12-1),1),1),1),$I12-1))):INDEX(Attenuation!$K:$K,($H12-1+MIN(MAX(IFERROR(MATCH(LN(O$5),INDEX(Attenuation!$J:$J,$H12):INDEX(Attenuation!$J:$J,$H12+$I12-1),1),1),1),$I12-1))+1),INDEX(Attenuation!$J:$J,($H12-1+MIN(MAX(IFERROR(MATCH(LN(O$5),INDEX(Attenuation!$J:$J,$H12):INDEX(Attenuation!$J:$J,$H12+$I12-1),1),1),1),$I12-1))):INDEX(Attenuation!$J:$J,($H12-1+MIN(MAX(IFERROR(MATCH(LN(O$5),INDEX(Attenuation!$J:$J,$H12):INDEX(Attenuation!$J:$J,$H12+$I12-1),1),1),1),$I12-1))+1))))) -> 7.9 | P12: =IF($A12="","",IF(P$5>2*$G12,"",EXP(FORECAST(LN(P$5),INDEX(Attenuation!$K:$K,($H12-1+MIN(MAX(IFERROR(MATCH(LN(P$5),INDEX(Attenuation!$J:$J,$H12):INDEX(Attenuation!$J:$J,$H12+$I12-1),1),1),1),$I12-1))):INDEX(Attenuation!$K:$K,($H12-1+MIN(MAX(IFERROR(MATCH(LN(P$5),INDEX(Attenuation!$J:$J,$H12):INDEX(Attenuation!$J:$J,$H12+$I12-1),1),1),1),$I12-1))+1),INDEX(Attenuation!$J:$J,($H12-1+MIN(MAX(IFERROR(MATCH(LN(P$5),INDEX(Attenuation!$J:$J,$H12):INDEX(Attenuation!$J:$J,$H12+$I12-1),1),1),1),$I12-1))):INDEX(Attenuation!$J:$J,($H12-1+MIN(MAX(IFERROR(MATCH(LN(P$5),INDEX(Attenuation!$J:$J,$H12):INDEX(Attenuation!$J:$J,$H12+$I12-1),1),1),1),$I12-1))+1))))) -> 10.8 | Q12: =IF($A12="","",IF(Q$5>2*$G12,"",EXP(FORECAST(LN(Q$5),INDEX(Attenuation!$K:$K,($H12-1+MIN(MAX(IFERROR(MATCH(LN(Q$5),INDEX(Attenuation!$J:$J,$H12):INDEX(Attenuation!$J:$J,$H12+$I12-1),1),1),1),$I12-1))):INDEX(Attenuation!$K:$K,($H12-1+MIN(MAX(IFERROR(MATCH(LN(Q$5),INDEX(Attenuation!$J:$J,$H12):INDEX(Attenuation!$J:$J,$H12+$I12-1),1),1),1),$I12-1))+1),INDEX(Attenuation!$J:$J,($H12-1+MIN(MAX(IFERROR(MATCH(LN(Q$5),INDEX(Attenuation!$J:$J,$H12):INDEX(Attenuation!$J:$J,$H12+$I12-1),1),1),1),$I12-1))):INDEX(Attenuation!$J:$J,($H12-1+MIN(MAX(IFERROR(MATCH(LN(Q$5),INDEX(Attenuation!$J:$J,$H12):INDEX(Attenuation!$J:$J,$H12+$I12-1),1),1),1),$I12-1))+1))))) -> 19.3 | ... U12: =IF($A12="","",IF(U$5>2*$G12,"",EXP(FORECAST(LN(U$5),INDEX(Attenuation!$K:$K,($H12-1+MIN(MAX(IFERROR(MATCH(LN(U$5),INDEX(Attenuation!$J:$J,$H12):INDEX(Attenuation!$J:$J,$H12+$I12-1),1),1),1),$I12-1))):INDEX(Attenuation!$K:$K,($H12-1+MIN(MAX(IFERROR(MATCH(LN(U$5),INDEX(Attenuation!$J:$J,$H12):INDEX(Attenuation!$J:$J,$H12+$I12-1),1),1),1),$I12-1))+1),INDEX(Attenuation!$J:$J,($H12-1+MIN(MAX(IFERROR(MATCH(LN(U$5),INDEX(Attenuation!$J:$J,$H12):INDEX(Attenuation!$J:$J,$H12+$I12-1),1),1),1),$I12-1))):INDEX(Attenuation!$J:$J,($H12-1+MIN(MAX(IFERROR(MATCH(LN(U$5),INDEX(Attenuation!$J:$J,$H12):INDEX(Attenuation!$J:$J,$H12+$I12-1),1),1),1),$I12-1))+1))))) | W12: =IF(J12="","",J12*0.3048) -> 0.60325516 | X12: =IF(K12="","",K12*0.3048) -> 0.84364232 | Y12: =IF(L12="","",L12*0.3048) -> 1.1967027 | Z12: =IF(M12="","",M12*0.3048) -> 1.6975171 | AA12: =IF(N12="","",N12*0.3048) -> 2.0827051 | AB12: =IF(O12="","",O12*0.3048) -> 2.40792 | AC12: =IF(P12="","",P12*0.3048) -> 3.29184 | AD12: =IF(Q12="","",Q12*0.3048) -> 5.88264 | ... AH12: =IF(U12="","",U12*0.3048)
A13: =IF(ROWS($A$6:A13)>COUNTA(Cables!$A:$A)-1,"",INDEX(Cables!$A:$A,ROWS($A$6:A13)+1)) -> BEL-8219 | B13: =IF($A13="","",IF(INDEX(Cables!$B:$B,MATCH($A13,Cables!$A:$A,0))="","",INDEX(Cables!$B:$B,MATCH($A13,Cables!$A:$A,0)))) -> Belden 8219 (RG-58, köpük PE) | C13: =IF($A13="","",IF(INDEX(Cables!$F:$F,MATCH($A13,Cables!$A:$A,0))="","",INDEX(Cables!$F:$F,MATCH($A13,Cables!$A:$A,0)))) -> 54 | D13: =IF($A13="","",IF(INDEX(Cables!$H:$H,MATCH($A13,Cables!$A:$A,0))="","",INDEX(Cables!$H:$H,MATCH($A13,Cables!$A:$A,0)))) -> 4.9 | E13: =IF($A13="","",IF(INDEX(Cables!$Q:$Q,MATCH($A13,Cables!$A:$A,0))="","",INDEX(Cables!$Q:$Q,MATCH($A13,Cables!$A:$A,0)))) -> 0.76 | F13: =IF($A13="","",IF(INDEX(Cables!$AQ:$AQ,MATCH($A13,Cables!$A:$A,0))="","",INDEX(Cables!$AQ:$AQ,MATCH($A13,Cables!$A:$A,0)))) -> 1 | G13: =IF($A13="","",IF(INDEX(Cables!$AR:$AR,MATCH($A13,Cables!$A:$A,0))="","",INDEX(Cables!$AR:$AR,MATCH($A13,Cables!$A:$A,0)))) -> 1000 | H13: =IF($A13="","",IF(INDEX(Cables!$AO:$AO,MATCH($A13,Cables!$A:$A,0))="","",INDEX(Cables!$AO:$AO,MATCH($A13,Cables!$A:$A,0)))) -> 70 | I13: =IF($A13="","",IF(INDEX(Cables!$AP:$AP,MATCH($A13,Cables!$A:$A,0))="","",INDEX(Cables!$AP:$AP,MATCH($A13,Cables!$A:$A,0)))) -> 9 | J13: =IF($A13="","",IF(J$5>2*$G13,"",EXP(FORECAST(LN(J$5),INDEX(Attenuation!$K:$K,($H13-1+MIN(MAX(IFERROR(MATCH(LN(J$5),INDEX(Attenuation!$J:$J,$H13):INDEX(Attenuation!$J:$J,$H13+$I13-1),1),1),1),$I13-1))):INDEX(Attenuation!$K:$K,($H13-1+MIN(MAX(IFERROR(MATCH(LN(J$5),INDEX(Attenuation!$J:$J,$H13):INDEX(Attenuation!$J:$J,$H13+$I13-1),1),1),1),$I13-1))+1),INDEX(Attenuation!$J:$J,($H13-1+MIN(MAX(IFERROR(MATCH(LN(J$5),INDEX(Attenuation!$J:$J,$H13):INDEX(Attenuation!$J:$J,$H13+$I13-1),1),1),1),$I13-1))):INDEX(Attenuation!$J:$J,($H13-1+MIN(MAX(IFERROR(MATCH(LN(J$5),INDEX(Attenuation!$J:$J,$H13):INDEX(Attenuation!$J:$J,$H13+$I13-1),1),1),1),$I13-1))+1))))) -> 1.7730247 | K13: =IF($A13="","",IF(K$5>2*$G13,"",EXP(FORECAST(LN(K$5),INDEX(Attenuation!$K:$K,($H13-1+MIN(MAX(IFERROR(MATCH(LN(K$5),INDEX(Attenuation!$J:$J,$H13):INDEX(Attenuation!$J:$J,$H13+$I13-1),1),1),1),$I13-1))):INDEX(Attenuation!$K:$K,($H13-1+MIN(MAX(IFERROR(MATCH(LN(K$5),INDEX(Attenuation!$J:$J,$H13):INDEX(Attenuation!$J:$J,$H13+$I13-1),1),1),1),$I13-1))+1),INDEX(Attenuation!$J:$J,($H13-1+MIN(MAX(IFERROR(MATCH(LN(K$5),INDEX(Attenuation!$J:$J,$H13):INDEX(Attenuation!$J:$J,$H13+$I13-1),1),1),1),$I13-1))):INDEX(Attenuation!$J:$J,($H13-1+MIN(MAX(IFERROR(MATCH(LN(K$5),INDEX(Attenuation!$J:$J,$H13):INDEX(Attenuation!$J:$J,$H13+$I13-1),1),1),1),$I13-1))+1))))) -> 2.4919792 | L13: =IF($A13="","",IF(L$5>2*$G13,"",EXP(FORECAST(LN(L$5),INDEX(Attenuation!$K:$K,($H13-1+MIN(MAX(IFERROR(MATCH(LN(L$5),INDEX(Attenuation!$J:$J,$H13):INDEX(Attenuation!$J:$J,$H13+$I13-1),1),1),1),$I13-1))):INDEX(Attenuation!$K:$K,($H13-1+MIN(MAX(IFERROR(MATCH(LN(L$5),INDEX(Attenuation!$J:$J,$H13):INDEX(Attenuation!$J:$J,$H13+$I13-1),1),1),1),$I13-1))+1),INDEX(Attenuation!$J:$J,($H13-1+MIN(MAX(IFERROR(MATCH(LN(L$5),INDEX(Attenuation!$J:$J,$H13):INDEX(Attenuation!$J:$J,$H13+$I13-1),1),1),1),$I13-1))):INDEX(Attenuation!$J:$J,($H13-1+MIN(MAX(IFERROR(MATCH(LN(L$5),INDEX(Attenuation!$J:$J,$H13):INDEX(Attenuation!$J:$J,$H13+$I13-1),1),1),1),$I13-1))+1))))) -> 3.5533391 | M13: =IF($A13="","",IF(M$5>2*$G13,"",EXP(FORECAST(LN(M$5),INDEX(Attenuation!$K:$K,($H13-1+MIN(MAX(IFERROR(MATCH(LN(M$5),INDEX(Attenuation!$J:$J,$H13):INDEX(Attenuation!$J:$J,$H13+$I13-1),1),1),1),$I13-1))):INDEX(Attenuation!$K:$K,($H13-1+MIN(MAX(IFERROR(MATCH(LN(M$5),INDEX(Attenuation!$J:$J,$H13):INDEX(Attenuation!$J:$J,$H13+$I13-1),1),1),1),$I13-1))+1),INDEX(Attenuation!$J:$J,($H13-1+MIN(MAX(IFERROR(MATCH(LN(M$5),INDEX(Attenuation!$J:$J,$H13):INDEX(Attenuation!$J:$J,$H13+$I13-1),1),1),1),$I13-1))):INDEX(Attenuation!$J:$J,($H13-1+MIN(MAX(IFERROR(MATCH(LN(M$5),INDEX(Attenuation!$J:$J,$H13):INDEX(Attenuation!$J:$J,$H13+$I13-1),1),1),1),$I13-1))+1))))) -> 5.1148418 | N13: =IF($A13="","",IF(N$5>2*$G13,"",EXP(FORECAST(LN(N$5),INDEX(Attenuation!$K:$K,($H13-1+MIN(MAX(IFERROR(MATCH(LN(N$5),INDEX(Attenuation!$J:$J,$H13):INDEX(Attenuation!$J:$J,$H13+$I13-1),1),1),1),$I13-1))):INDEX(Attenuation!$K:$K,($H13-1+MIN(MAX(IFERROR(MATCH(LN(N$5),INDEX(Attenuation!$J:$J,$H13):INDEX(Attenuation!$J:$J,$H13+$I13-1),1),1),1),$I13-1))+1),INDEX(Attenuation!$J:$J,($H13-1+MIN(MAX(IFERROR(MATCH(LN(N$5),INDEX(Attenuation!$J:$J,$H13):INDEX(Attenuation!$J:$J,$H13+$I13-1),1),1),1),$I13-1))):INDEX(Attenuation!$J:$J,($H13-1+MIN(MAX(IFERROR(MATCH(LN(N$5),INDEX(Attenuation!$J:$J,$H13):INDEX(Attenuation!$J:$J,$H13+$I13-1),1),1),1),$I13-1))+1))))) -> 6.36671 | O13: =IF($A13="","",IF(O$5>2*$G13,"",EXP(FORECAST(LN(O$5),INDEX(Attenuation!$K:$K,($H13-1+MIN(MAX(IFERROR(MATCH(LN(O$5),INDEX(Attenuation!$J:$J,$H13):INDEX(Attenuation!$J:$J,$H13+$I13-1),1),1),1),$I13-1))):INDEX(Attenuation!$K:$K,($H13-1+MIN(MAX(IFERROR(MATCH(LN(O$5),INDEX(Attenuation!$J:$J,$H13):INDEX(Attenuation!$J:$J,$H13+$I13-1),1),1),1),$I13-1))+1),INDEX(Attenuation!$J:$J,($H13-1+MIN(MAX(IFERROR(MATCH(LN(O$5),INDEX(Attenuation!$J:$J,$H13):INDEX(Attenuation!$J:$J,$H13+$I13-1),1),1),1),$I13-1))):INDEX(Attenuation!$J:$J,($H13-1+MIN(MAX(IFERROR(MATCH(LN(O$5),INDEX(Attenuation!$J:$J,$H13):INDEX(Attenuation!$J:$J,$H13+$I13-1),1),1),1),$I13-1))+1))))) -> 7.4366516 | P13: =IF($A13="","",IF(P$5>2*$G13,"",EXP(FORECAST(LN(P$5),INDEX(Attenuation!$K:$K,($H13-1+MIN(MAX(IFERROR(MATCH(LN(P$5),INDEX(Attenuation!$J:$J,$H13):INDEX(Attenuation!$J:$J,$H13+$I13-1),1),1),1),$I13-1))):INDEX(Attenuation!$K:$K,($H13-1+MIN(MAX(IFERROR(MATCH(LN(P$5),INDEX(Attenuation!$J:$J,$H13):INDEX(Attenuation!$J:$J,$H13+$I13-1),1),1),1),$I13-1))+1),INDEX(Attenuation!$J:$J,($H13-1+MIN(MAX(IFERROR(MATCH(LN(P$5),INDEX(Attenuation!$J:$J,$H13):INDEX(Attenuation!$J:$J,$H13+$I13-1),1),1),1),$I13-1))):INDEX(Attenuation!$J:$J,($H13-1+MIN(MAX(IFERROR(MATCH(LN(P$5),INDEX(Attenuation!$J:$J,$H13):INDEX(Attenuation!$J:$J,$H13+$I13-1),1),1),1),$I13-1))+1))))) -> 10.170604 | Q13: =IF($A13="","",IF(Q$5>2*$G13,"",EXP(FORECAST(LN(Q$5),INDEX(Attenuation!$K:$K,($H13-1+MIN(MAX(IFERROR(MATCH(LN(Q$5),INDEX(Attenuation!$J:$J,$H13):INDEX(Attenuation!$J:$J,$H13+$I13-1),1),1),1),$I13-1))):INDEX(Attenuation!$K:$K,($H13-1+MIN(MAX(IFERROR(MATCH(LN(Q$5),INDEX(Attenuation!$J:$J,$H13):INDEX(Attenuation!$J:$J,$H13+$I13-1),1),1),1),$I13-1))+1),INDEX(Attenuation!$J:$J,($H13-1+MIN(MAX(IFERROR(MATCH(LN(Q$5),INDEX(Attenuation!$J:$J,$H13):INDEX(Attenuation!$J:$J,$H13+$I13-1),1),1),1),$I13-1))):INDEX(Attenuation!$J:$J,($H13-1+MIN(MAX(IFERROR(MATCH(LN(Q$5),INDEX(Attenuation!$J:$J,$H13):INDEX(Attenuation!$J:$J,$H13+$I13-1),1),1),1),$I13-1))+1))))) -> 18.059234 | ... U13: =IF($A13="","",IF(U$5>2*$G13,"",EXP(FORECAST(LN(U$5),INDEX(Attenuation!$K:$K,($H13-1+MIN(MAX(IFERROR(MATCH(LN(U$5),INDEX(Attenuation!$J:$J,$H13):INDEX(Attenuation!$J:$J,$H13+$I13-1),1),1),1),$I13-1))):INDEX(Attenuation!$K:$K,($H13-1+MIN(MAX(IFERROR(MATCH(LN(U$5),INDEX(Attenuation!$J:$J,$H13):INDEX(Attenuation!$J:$J,$H13+$I13-1),1),1),1),$I13-1))+1),INDEX(Attenuation!$J:$J,($H13-1+MIN(MAX(IFERROR(MATCH(LN(U$5),INDEX(Attenuation!$J:$J,$H13):INDEX(Attenuation!$J:$J,$H13+$I13-1),1),1),1),$I13-1))):INDEX(Attenuation!$J:$J,($H13-1+MIN(MAX(IFERROR(MATCH(LN(U$5),INDEX(Attenuation!$J:$J,$H13):INDEX(Attenuation!$J:$J,$H13+$I13-1),1),1),1),$I13-1))+1))))) | W13: =IF(J13="","",J13*0.3048) -> 0.54041792 | X13: =IF(K13="","",K13*0.3048) -> 0.75955525 | Y13: =IF(L13="","",L13*0.3048) -> 1.0830578 | Z13: =IF(M13="","",M13*0.3048) -> 1.5590038 | AA13: =IF(N13="","",N13*0.3048) -> 1.9405732 | AB13: =IF(O13="","",O13*0.3048) -> 2.2666914 | AC13: =IF(P13="","",P13*0.3048) -> 3.1 | AD13: =IF(Q13="","",Q13*0.3048) -> 5.5044545 | ... AH13: =IF(U13="","",U13*0.3048)
A14: =IF(ROWS($A$6:A14)>COUNTA(Cables!$A:$A)-1,"",INDEX(Cables!$A:$A,ROWS($A$6:A14)+1)) -> BEL-9273 | B14: =IF($A14="","",IF(INDEX(Cables!$B:$B,MATCH($A14,Cables!$A:$A,0))="","",INDEX(Cables!$B:$B,MATCH($A14,Cables!$A:$A,0)))) -> Belden 9273 (RG-223/U) | C14: =IF($A14="","",IF(INDEX(Cables!$F:$F,MATCH($A14,Cables!$A:$A,0))="","",INDEX(Cables!$F:$F,MATCH($A14,Cables!$A:$A,0)))) -> 50 | D14: =IF($A14="","",IF(INDEX(Cables!$H:$H,MATCH($A14,Cables!$A:$A,0))="","",INDEX(Cables!$H:$H,MATCH($A14,Cables!$A:$A,0)))) -> 5.38 | E14: =IF($A14="","",IF(INDEX(Cables!$Q:$Q,MATCH($A14,Cables!$A:$A,0))="","",INDEX(Cables!$Q:$Q,MATCH($A14,Cables!$A:$A,0)))) -> 0.66 | F14: =IF($A14="","",IF(INDEX(Cables!$AQ:$AQ,MATCH($A14,Cables!$A:$A,0))="","",INDEX(Cables!$AQ:$AQ,MATCH($A14,Cables!$A:$A,0)))) -> 1 | G14: =IF($A14="","",IF(INDEX(Cables!$AR:$AR,MATCH($A14,Cables!$A:$A,0))="","",INDEX(Cables!$AR:$AR,MATCH($A14,Cables!$A:$A,0)))) -> 1000 | H14: =IF($A14="","",IF(INDEX(Cables!$AO:$AO,MATCH($A14,Cables!$A:$A,0))="","",INDEX(Cables!$AO:$AO,MATCH($A14,Cables!$A:$A,0)))) -> 79 | I14: =IF($A14="","",IF(INDEX(Cables!$AP:$AP,MATCH($A14,Cables!$A:$A,0))="","",INDEX(Cables!$AP:$AP,MATCH($A14,Cables!$A:$A,0)))) -> 9 | J14: =IF($A14="","",IF(J$5>2*$G14,"",EXP(FORECAST(LN(J$5),INDEX(Attenuation!$K:$K,($H14-1+MIN(MAX(IFERROR(MATCH(LN(J$5),INDEX(Attenuation!$J:$J,$H14):INDEX(Attenuation!$J:$J,$H14+$I14-1),1),1),1),$I14-1))):INDEX(Attenuation!$K:$K,($H14-1+MIN(MAX(IFERROR(MATCH(LN(J$5),INDEX(Attenuation!$J:$J,$H14):INDEX(Attenuation!$J:$J,$H14+$I14-1),1),1),1),$I14-1))+1),INDEX(Attenuation!$J:$J,($H14-1+MIN(MAX(IFERROR(MATCH(LN(J$5),INDEX(Attenuation!$J:$J,$H14):INDEX(Attenuation!$J:$J,$H14+$I14-1),1),1),1),$I14-1))):INDEX(Attenuation!$J:$J,($H14-1+MIN(MAX(IFERROR(MATCH(LN(J$5),INDEX(Attenuation!$J:$J,$H14):INDEX(Attenuation!$J:$J,$H14+$I14-1),1),1),1),$I14-1))+1))))) -> 1.7371646 | K14: =IF($A14="","",IF(K$5>2*$G14,"",EXP(FORECAST(LN(K$5),INDEX(Attenuation!$K:$K,($H14-1+MIN(MAX(IFERROR(MATCH(LN(K$5),INDEX(Attenuation!$J:$J,$H14):INDEX(Attenuation!$J:$J,$H14+$I14-1),1),1),1),$I14-1))):INDEX(Attenuation!$K:$K,($H14-1+MIN(MAX(IFERROR(MATCH(LN(K$5),INDEX(Attenuation!$J:$J,$H14):INDEX(Attenuation!$J:$J,$H14+$I14-1),1),1),1),$I14-1))+1),INDEX(Attenuation!$J:$J,($H14-1+MIN(MAX(IFERROR(MATCH(LN(K$5),INDEX(Attenuation!$J:$J,$H14):INDEX(Attenuation!$J:$J,$H14+$I14-1),1),1),1),$I14-1))):INDEX(Attenuation!$J:$J,($H14-1+MIN(MAX(IFERROR(MATCH(LN(K$5),INDEX(Attenuation!$J:$J,$H14):INDEX(Attenuation!$J:$J,$H14+$I14-1),1),1),1),$I14-1))+1))))) -> 2.3857858 | L14: =IF($A14="","",IF(L$5>2*$G14,"",EXP(FORECAST(LN(L$5),INDEX(Attenuation!$K:$K,($H14-1+MIN(MAX(IFERROR(MATCH(LN(L$5),INDEX(Attenuation!$J:$J,$H14):INDEX(Attenuation!$J:$J,$H14+$I14-1),1),1),1),$I14-1))):INDEX(Attenuation!$K:$K,($H14-1+MIN(MAX(IFERROR(MATCH(LN(L$5),INDEX(Attenuation!$J:$J,$H14):INDEX(Attenuation!$J:$J,$H14+$I14-1),1),1),1),$I14-1))+1),INDEX(Attenuation!$J:$J,($H14-1+MIN(MAX(IFERROR(MATCH(LN(L$5),INDEX(Attenuation!$J:$J,$H14):INDEX(Attenuation!$J:$J,$H14+$I14-1),1),1),1),$I14-1))):INDEX(Attenuation!$J:$J,($H14-1+MIN(MAX(IFERROR(MATCH(LN(L$5),INDEX(Attenuation!$J:$J,$H14):INDEX(Attenuation!$J:$J,$H14+$I14-1),1),1),1),$I14-1))+1))))) -> 3.3209265 | M14: =IF($A14="","",IF(M$5>2*$G14,"",EXP(FORECAST(LN(M$5),INDEX(Attenuation!$K:$K,($H14-1+MIN(MAX(IFERROR(MATCH(LN(M$5),INDEX(Attenuation!$J:$J,$H14):INDEX(Attenuation!$J:$J,$H14+$I14-1),1),1),1),$I14-1))):INDEX(Attenuation!$K:$K,($H14-1+MIN(MAX(IFERROR(MATCH(LN(M$5),INDEX(Attenuation!$J:$J,$H14):INDEX(Attenuation!$J:$J,$H14+$I14-1),1),1),1),$I14-1))+1),INDEX(Attenuation!$J:$J,($H14-1+MIN(MAX(IFERROR(MATCH(LN(M$5),INDEX(Attenuation!$J:$J,$H14):INDEX(Attenuation!$J:$J,$H14+$I14-1),1),1),1),$I14-1))):INDEX(Attenuation!$J:$J,($H14-1+MIN(MAX(IFERROR(MATCH(LN(M$5),INDEX(Attenuation!$J:$J,$H14):INDEX(Attenuation!$J:$J,$H14+$I14-1),1),1),1),$I14-1))+1))))) -> 4.6999824 | N14: =IF($A14="","",IF(N$5>2*$G14,"",EXP(FORECAST(LN(N$5),INDEX(Attenuation!$K:$K,($H14-1+MIN(MAX(IFERROR(MATCH(LN(N$5),INDEX(Attenuation!$J:$J,$H14):INDEX(Attenuation!$J:$J,$H14+$I14-1),1),1),1),$I14-1))):INDEX(Attenuation!$K:$K,($H14-1+MIN(MAX(IFERROR(MATCH(LN(N$5),INDEX(Attenuation!$J:$J,$H14):INDEX(Attenuation!$J:$J,$H14+$I14-1),1),1),1),$I14-1))+1),INDEX(Attenuation!$J:$J,($H14-1+MIN(MAX(IFERROR(MATCH(LN(N$5),INDEX(Attenuation!$J:$J,$H14):INDEX(Attenuation!$J:$J,$H14+$I14-1),1),1),1),$I14-1))):INDEX(Attenuation!$J:$J,($H14-1+MIN(MAX(IFERROR(MATCH(LN(N$5),INDEX(Attenuation!$J:$J,$H14):INDEX(Attenuation!$J:$J,$H14+$I14-1),1),1),1),$I14-1))+1))))) -> 5.8183586 | O14: =IF($A14="","",IF(O$5>2*$G14,"",EXP(FORECAST(LN(O$5),INDEX(Attenuation!$K:$K,($H14-1+MIN(MAX(IFERROR(MATCH(LN(O$5),INDEX(Attenuation!$J:$J,$H14):INDEX(Attenuation!$J:$J,$H14+$I14-1),1),1),1),$I14-1))):INDEX(Attenuation!$K:$K,($H14-1+MIN(MAX(IFERROR(MATCH(LN(O$5),INDEX(Attenuation!$J:$J,$H14):INDEX(Attenuation!$J:$J,$H14+$I14-1),1),1),1),$I14-1))+1),INDEX(Attenuation!$J:$J,($H14-1+MIN(MAX(IFERROR(MATCH(LN(O$5),INDEX(Attenuation!$J:$J,$H14):INDEX(Attenuation!$J:$J,$H14+$I14-1),1),1),1),$I14-1))):INDEX(Attenuation!$J:$J,($H14-1+MIN(MAX(IFERROR(MATCH(LN(O$5),INDEX(Attenuation!$J:$J,$H14):INDEX(Attenuation!$J:$J,$H14+$I14-1),1),1),1),$I14-1))+1))))) -> 6.7697901 | P14: =IF($A14="","",IF(P$5>2*$G14,"",EXP(FORECAST(LN(P$5),INDEX(Attenuation!$K:$K,($H14-1+MIN(MAX(IFERROR(MATCH(LN(P$5),INDEX(Attenuation!$J:$J,$H14):INDEX(Attenuation!$J:$J,$H14+$I14-1),1),1),1),$I14-1))):INDEX(Attenuation!$K:$K,($H14-1+MIN(MAX(IFERROR(MATCH(LN(P$5),INDEX(Attenuation!$J:$J,$H14):INDEX(Attenuation!$J:$J,$H14+$I14-1),1),1),1),$I14-1))+1),INDEX(Attenuation!$J:$J,($H14-1+MIN(MAX(IFERROR(MATCH(LN(P$5),INDEX(Attenuation!$J:$J,$H14):INDEX(Attenuation!$J:$J,$H14+$I14-1),1),1),1),$I14-1))):INDEX(Attenuation!$J:$J,($H14-1+MIN(MAX(IFERROR(MATCH(LN(P$5),INDEX(Attenuation!$J:$J,$H14):INDEX(Attenuation!$J:$J,$H14+$I14-1),1),1),1),$I14-1))+1))))) -> 9.1863517 | Q14: =IF($A14="","",IF(Q$5>2*$G14,"",EXP(FORECAST(LN(Q$5),INDEX(Attenuation!$K:$K,($H14-1+MIN(MAX(IFERROR(MATCH(LN(Q$5),INDEX(Attenuation!$J:$J,$H14):INDEX(Attenuation!$J:$J,$H14+$I14-1),1),1),1),$I14-1))):INDEX(Attenuation!$K:$K,($H14-1+MIN(MAX(IFERROR(MATCH(LN(Q$5),INDEX(Attenuation!$J:$J,$H14):INDEX(Attenuation!$J:$J,$H14+$I14-1),1),1),1),$I14-1))+1),INDEX(Attenuation!$J:$J,($H14-1+MIN(MAX(IFERROR(MATCH(LN(Q$5),INDEX(Attenuation!$J:$J,$H14):INDEX(Attenuation!$J:$J,$H14+$I14-1),1),1),1),$I14-1))):INDEX(Attenuation!$J:$J,($H14-1+MIN(MAX(IFERROR(MATCH(LN(Q$5),INDEX(Attenuation!$J:$J,$H14):INDEX(Attenuation!$J:$J,$H14+$I14-1),1),1),1),$I14-1))+1))))) -> 16.434766 | ... U14: =IF($A14="","",IF(U$5>2*$G14,"",EXP(FORECAST(LN(U$5),INDEX(Attenuation!$K:$K,($H14-1+MIN(MAX(IFERROR(MATCH(LN(U$5),INDEX(Attenuation!$J:$J,$H14):INDEX(Attenuation!$J:$J,$H14+$I14-1),1),1),1),$I14-1))):INDEX(Attenuation!$K:$K,($H14-1+MIN(MAX(IFERROR(MATCH(LN(U$5),INDEX(Attenuation!$J:$J,$H14):INDEX(Attenuation!$J:$J,$H14+$I14-1),1),1),1),$I14-1))+1),INDEX(Attenuation!$J:$J,($H14-1+MIN(MAX(IFERROR(MATCH(LN(U$5),INDEX(Attenuation!$J:$J,$H14):INDEX(Attenuation!$J:$J,$H14+$I14-1),1),1),1),$I14-1))):INDEX(Attenuation!$J:$J,($H14-1+MIN(MAX(IFERROR(MATCH(LN(U$5),INDEX(Attenuation!$J:$J,$H14):INDEX(Attenuation!$J:$J,$H14+$I14-1),1),1),1),$I14-1))+1))))) | W14: =IF(J14="","",J14*0.3048) -> 0.52948777 | X14: =IF(K14="","",K14*0.3048) -> 0.72718752 | Y14: =IF(L14="","",L14*0.3048) -> 1.0122184 | Z14: =IF(M14="","",M14*0.3048) -> 1.4325546 | AA14: =IF(N14="","",N14*0.3048) -> 1.7734357 | AB14: =IF(O14="","",O14*0.3048) -> 2.063432 | AC14: =IF(P14="","",P14*0.3048) -> 2.8 | AD14: =IF(Q14="","",Q14*0.3048) -> 5.0093166 | ... AH14: =IF(U14="","",U14*0.3048)
A15: =IF(ROWS($A$6:A15)>COUNTA(Cables!$A:$A)-1,"",INDEX(Cables!$A:$A,ROWS($A$6:A15)+1)) -> HAR-M17-128-RG400 | B15: =IF($A15="","",IF(INDEX(Cables!$B:$B,MATCH($A15,Cables!$A:$A,0))="","",INDEX(Cables!$B:$B,MATCH($A15,Cables!$A:$A,0)))) -> Harbour M17/128-RG400 | C15: =IF($A15="","",IF(INDEX(Cables!$F:$F,MATCH($A15,Cables!$A:$A,0))="","",INDEX(Cables!$F:$F,MATCH($A15,Cables!$A:$A,0)))) -> 50 | D15: =IF($A15="","",IF(INDEX(Cables!$H:$H,MATCH($A15,Cables!$A:$A,0))="","",INDEX(Cables!$H:$H,MATCH($A15,Cables!$A:$A,0)))) -> 5 | E15: =IF($A15="","",IF(INDEX(Cables!$Q:$Q,MATCH($A15,Cables!$A:$A,0))="","",INDEX(Cables!$Q:$Q,MATCH($A15,Cables!$A:$A,0)))) -> 0.7 | F15: =IF($A15="","",IF(INDEX(Cables!$AQ:$AQ,MATCH($A15,Cables!$A:$A,0))="","",INDEX(Cables!$AQ:$AQ,MATCH($A15,Cables!$A:$A,0)))) -> 100 | G15: =IF($A15="","",IF(INDEX(Cables!$AR:$AR,MATCH($A15,Cables!$A:$A,0))="","",INDEX(Cables!$AR:$AR,MATCH($A15,Cables!$A:$A,0)))) -> 12400 | H15: =IF($A15="","",IF(INDEX(Cables!$AO:$AO,MATCH($A15,Cables!$A:$A,0))="","",INDEX(Cables!$AO:$AO,MATCH($A15,Cables!$A:$A,0)))) -> 88 | I15: =IF($A15="","",IF(INDEX(Cables!$AP:$AP,MATCH($A15,Cables!$A:$A,0))="","",INDEX(Cables!$AP:$AP,MATCH($A15,Cables!$A:$A,0)))) -> 9 | J15: =IF($A15="","",IF(J$5>2*$G15,"",EXP(FORECAST(LN(J$5),INDEX(Attenuation!$K:$K,($H15-1+MIN(MAX(IFERROR(MATCH(LN(J$5),INDEX(Attenuation!$J:$J,$H15):INDEX(Attenuation!$J:$J,$H15+$I15-1),1),1),1),$I15-1))):INDEX(Attenuation!$K:$K,($H15-1+MIN(MAX(IFERROR(MATCH(LN(J$5),INDEX(Attenuation!$J:$J,$H15):INDEX(Attenuation!$J:$J,$H15+$I15-1),1),1),1),$I15-1))+1),INDEX(Attenuation!$J:$J,($H15-1+MIN(MAX(IFERROR(MATCH(LN(J$5),INDEX(Attenuation!$J:$J,$H15):INDEX(Attenuation!$J:$J,$H15+$I15-1),1),1),1),$I15-1))):INDEX(Attenuation!$J:$J,($H15-1+MIN(MAX(IFERROR(MATCH(LN(J$5),INDEX(Attenuation!$J:$J,$H15):INDEX(Attenuation!$J:$J,$H15+$I15-1),1),1),1),$I15-1))+1))))) -> 1.5720365 | K15: =IF($A15="","",IF(K$5>2*$G15,"",EXP(FORECAST(LN(K$5),INDEX(Attenuation!$K:$K,($H15-1+MIN(MAX(IFERROR(MATCH(LN(K$5),INDEX(Attenuation!$J:$J,$H15):INDEX(Attenuation!$J:$J,$H15+$I15-1),1),1),1),$I15-1))):INDEX(Attenuation!$K:$K,($H15-1+MIN(MAX(IFERROR(MATCH(LN(K$5),INDEX(Attenuation!$J:$J,$H15):INDEX(Attenuation!$J:$J,$H15+$I15-1),1),1),1),$I15-1))+1),INDEX(Attenuation!$J:$J,($H15-1+MIN(MAX(IFERROR(MATCH(LN(K$5),INDEX(Attenuation!$J:$J,$H15):INDEX(Attenuation!$J:$J,$H15+$I15-1),1),1),1),$I15-1))):INDEX(Attenuation!$J:$J,($H15-1+MIN(MAX(IFERROR(MATCH(LN(K$5),INDEX(Attenuation!$J:$J,$H15):INDEX(Attenuation!$J:$J,$H15+$I15-1),1),1),1),$I15-1))+1))))) -> 2.2427578 | L15: =IF($A15="","",IF(L$5>2*$G15,"",EXP(FORECAST(LN(L$5),INDEX(Attenuation!$K:$K,($H15-1+MIN(MAX(IFERROR(MATCH(LN(L$5),INDEX(Attenuation!$J:$J,$H15):INDEX(Attenuation!$J:$J,$H15+$I15-1),1),1),1),$I15-1))):INDEX(Attenuation!$K:$K,($H15-1+MIN(MAX(IFERROR(MATCH(LN(L$5),INDEX(Attenuation!$J:$J,$H15):INDEX(Attenuation!$J:$J,$H15+$I15-1),1),1),1),$I15-1))+1),INDEX(Attenuation!$J:$J,($H15-1+MIN(MAX(IFERROR(MATCH(LN(L$5),INDEX(Attenuation!$J:$J,$H15):INDEX(Attenuation!$J:$J,$H15+$I15-1),1),1),1),$I15-1))):INDEX(Attenuation!$J:$J,($H15-1+MIN(MAX(IFERROR(MATCH(LN(L$5),INDEX(Attenuation!$J:$J,$H15):INDEX(Attenuation!$J:$J,$H15+$I15-1),1),1),1),$I15-1))+1))))) -> 3.2481769 | M15: =IF($A15="","",IF(M$5>2*$G15,"",EXP(FORECAST(LN(M$5),INDEX(Attenuation!$K:$K,($H15-1+MIN(MAX(IFERROR(MATCH(LN(M$5),INDEX(Attenuation!$J:$J,$H15):INDEX(Attenuation!$J:$J,$H15+$I15-1),1),1),1),$I15-1))):INDEX(Attenuation!$K:$K,($H15-1+MIN(MAX(IFERROR(MATCH(LN(M$5),INDEX(Attenuation!$J:$J,$H15):INDEX(Attenuation!$J:$J,$H15+$I15-1),1),1),1),$I15-1))+1),INDEX(Attenuation!$J:$J,($H15-1+MIN(MAX(IFERROR(MATCH(LN(M$5),INDEX(Attenuation!$J:$J,$H15):INDEX(Attenuation!$J:$J,$H15+$I15-1),1),1),1),$I15-1))):INDEX(Attenuation!$J:$J,($H15-1+MIN(MAX(IFERROR(MATCH(LN(M$5),INDEX(Attenuation!$J:$J,$H15):INDEX(Attenuation!$J:$J,$H15+$I15-1),1),1),1),$I15-1))+1))))) -> 4.7043212 | N15: =IF($A15="","",IF(N$5>2*$G15,"",EXP(FORECAST(LN(N$5),INDEX(Attenuation!$K:$K,($H15-1+MIN(MAX(IFERROR(MATCH(LN(N$5),INDEX(Attenuation!$J:$J,$H15):INDEX(Attenuation!$J:$J,$H15+$I15-1),1),1),1),$I15-1))):INDEX(Attenuation!$K:$K,($H15-1+MIN(MAX(IFERROR(MATCH(LN(N$5),INDEX(Attenuation!$J:$J,$H15):INDEX(Attenuation!$J:$J,$H15+$I15-1),1),1),1),$I15-1))+1),INDEX(Attenuation!$J:$J,($H15-1+MIN(MAX(IFERROR(MATCH(LN(N$5),INDEX(Attenuation!$J:$J,$H15):INDEX(Attenuation!$J:$J,$H15+$I15-1),1),1),1),$I15-1))):INDEX(Attenuation!$J:$J,($H15-1+MIN(MAX(IFERROR(MATCH(LN(N$5),INDEX(Attenuation!$J:$J,$H15):INDEX(Attenuation!$J:$J,$H15+$I15-1),1),1),1),$I15-1))+1))))) -> 5.8424157 | O15: =IF($A15="","",IF(O$5>2*$G15,"",EXP(FORECAST(LN(O$5),INDEX(Attenuation!$K:$K,($H15-1+MIN(MAX(IFERROR(MATCH(LN(O$5),INDEX(Attenuation!$J:$J,$H15):INDEX(Attenuation!$J:$J,$H15+$I15-1),1),1),1),$I15-1))):INDEX(Attenuation!$K:$K,($H15-1+MIN(MAX(IFERROR(MATCH(LN(O$5),INDEX(Attenuation!$J:$J,$H15):INDEX(Attenuation!$J:$J,$H15+$I15-1),1),1),1),$I15-1))+1),INDEX(Attenuation!$J:$J,($H15-1+MIN(MAX(IFERROR(MATCH(LN(O$5),INDEX(Attenuation!$J:$J,$H15):INDEX(Attenuation!$J:$J,$H15+$I15-1),1),1),1),$I15-1))):INDEX(Attenuation!$J:$J,($H15-1+MIN(MAX(IFERROR(MATCH(LN(O$5),INDEX(Attenuation!$J:$J,$H15):INDEX(Attenuation!$J:$J,$H15+$I15-1),1),1),1),$I15-1))+1))))) -> 6.813249 | P15: =IF($A15="","",IF(P$5>2*$G15,"",EXP(FORECAST(LN(P$5),INDEX(Attenuation!$K:$K,($H15-1+MIN(MAX(IFERROR(MATCH(LN(P$5),INDEX(Attenuation!$J:$J,$H15):INDEX(Attenuation!$J:$J,$H15+$I15-1),1),1),1),$I15-1))):INDEX(Attenuation!$K:$K,($H15-1+MIN(MAX(IFERROR(MATCH(LN(P$5),INDEX(Attenuation!$J:$J,$H15):INDEX(Attenuation!$J:$J,$H15+$I15-1),1),1),1),$I15-1))+1),INDEX(Attenuation!$J:$J,($H15-1+MIN(MAX(IFERROR(MATCH(LN(P$5),INDEX(Attenuation!$J:$J,$H15):INDEX(Attenuation!$J:$J,$H15+$I15-1),1),1),1),$I15-1))):INDEX(Attenuation!$J:$J,($H15-1+MIN(MAX(IFERROR(MATCH(LN(P$5),INDEX(Attenuation!$J:$J,$H15):INDEX(Attenuation!$J:$J,$H15+$I15-1),1),1),1),$I15-1))+1))))) -> 9.2877731 | Q15: =IF($A15="","",IF(Q$5>2*$G15,"",EXP(FORECAST(LN(Q$5),INDEX(Attenuation!$K:$K,($H15-1+MIN(MAX(IFERROR(MATCH(LN(Q$5),INDEX(Attenuation!$J:$J,$H15):INDEX(Attenuation!$J:$J,$H15+$I15-1),1),1),1),$I15-1))):INDEX(Attenuation!$K:$K,($H15-1+MIN(MAX(IFERROR(MATCH(LN(Q$5),INDEX(Attenuation!$J:$J,$H15):INDEX(Attenuation!$J:$J,$H15+$I15-1),1),1),1),$I15-1))+1),INDEX(Attenuation!$J:$J,($H15-1+MIN(MAX(IFERROR(MATCH(LN(Q$5),INDEX(Attenuation!$J:$J,$H15):INDEX(Attenuation!$J:$J,$H15+$I15-1),1),1),1),$I15-1))):INDEX(Attenuation!$J:$J,($H15-1+MIN(MAX(IFERROR(MATCH(LN(Q$5),INDEX(Attenuation!$J:$J,$H15):INDEX(Attenuation!$J:$J,$H15+$I15-1),1),1),1),$I15-1))+1))))) -> 16.345225 | ... U15: =IF($A15="","",IF(U$5>2*$G15,"",EXP(FORECAST(LN(U$5),INDEX(Attenuation!$K:$K,($H15-1+MIN(MAX(IFERROR(MATCH(LN(U$5),INDEX(Attenuation!$J:$J,$H15):INDEX(Attenuation!$J:$J,$H15+$I15-1),1),1),1),$I15-1))):INDEX(Attenuation!$K:$K,($H15-1+MIN(MAX(IFERROR(MATCH(LN(U$5),INDEX(Attenuation!$J:$J,$H15):INDEX(Attenuation!$J:$J,$H15+$I15-1),1),1),1),$I15-1))+1),INDEX(Attenuation!$J:$J,($H15-1+MIN(MAX(IFERROR(MATCH(LN(U$5),INDEX(Attenuation!$J:$J,$H15):INDEX(Attenuation!$J:$J,$H15+$I15-1),1),1),1),$I15-1))):INDEX(Attenuation!$J:$J,($H15-1+MIN(MAX(IFERROR(MATCH(LN(U$5),INDEX(Attenuation!$J:$J,$H15):INDEX(Attenuation!$J:$J,$H15+$I15-1),1),1),1),$I15-1))+1))))) -> 132.96402 | W15: =IF(J15="","",J15*0.3048) -> 0.47915674 | X15: =IF(K15="","",K15*0.3048) -> 0.68359257 | Y15: =IF(L15="","",L15*0.3048) -> 0.99004431 | Z15: =IF(M15="","",M15*0.3048) -> 1.4338771 | AA15: =IF(N15="","",N15*0.3048) -> 1.7807683 | AB15: =IF(O15="","",O15*0.3048) -> 2.0766783 | AC15: =IF(P15="","",P15*0.3048) -> 2.8309132 | AD15: =IF(Q15="","",Q15*0.3048) -> 4.9820246 | ... AH15: =IF(U15="","",U15*0.3048) -> 40.527434
A16: =IF(ROWS($A$6:A16)>COUNTA(Cables!$A:$A)-1,"",INDEX(Cables!$A:$A,ROWS($A$6:A16)+1)) -> TMS-LMR195 | B16: =IF($A16="","",IF(INDEX(Cables!$B:$B,MATCH($A16,Cables!$A:$A,0))="","",INDEX(Cables!$B:$B,MATCH($A16,Cables!$A:$A,0)))) -> Times Microwave LMR-195 (Amphenol) | C16: =IF($A16="","",IF(INDEX(Cables!$F:$F,MATCH($A16,Cables!$A:$A,0))="","",INDEX(Cables!$F:$F,MATCH($A16,Cables!$A:$A,0)))) -> 50 | D16: =IF($A16="","",IF(INDEX(Cables!$H:$H,MATCH($A16,Cables!$A:$A,0))="","",INDEX(Cables!$H:$H,MATCH($A16,Cables!$A:$A,0)))) -> 4.95 | E16: =IF($A16="","",IF(INDEX(Cables!$Q:$Q,MATCH($A16,Cables!$A:$A,0))="","",INDEX(Cables!$Q:$Q,MATCH($A16,Cables!$A:$A,0)))) -> 0.8 | F16: =IF($A16="","",IF(INDEX(Cables!$AQ:$AQ,MATCH($A16,Cables!$A:$A,0))="","",INDEX(Cables!$AQ:$AQ,MATCH($A16,Cables!$A:$A,0)))) -> 30 | G16: =IF($A16="","",IF(INDEX(Cables!$AR:$AR,MATCH($A16,Cables!$A:$A,0))="","",INDEX(Cables!$AR:$AR,MATCH($A16,Cables!$A:$A,0)))) -> 2500 | H16: =IF($A16="","",IF(INDEX(Cables!$AO:$AO,MATCH($A16,Cables!$A:$A,0))="","",INDEX(Cables!$AO:$AO,MATCH($A16,Cables!$A:$A,0)))) -> 97 | I16: =IF($A16="","",IF(INDEX(Cables!$AP:$AP,MATCH($A16,Cables!$A:$A,0))="","",INDEX(Cables!$AP:$AP,MATCH($A16,Cables!$A:$A,0)))) -> 10 | J16: =IF($A16="","",IF(J$5>2*$G16,"",EXP(FORECAST(LN(J$5),INDEX(Attenuation!$K:$K,($H16-1+MIN(MAX(IFERROR(MATCH(LN(J$5),INDEX(Attenuation!$J:$J,$H16):INDEX(Attenuation!$J:$J,$H16+$I16-1),1),1),1),$I16-1))):INDEX(Attenuation!$K:$K,($H16-1+MIN(MAX(IFERROR(MATCH(LN(J$5),INDEX(Attenuation!$J:$J,$H16):INDEX(Attenuation!$J:$J,$H16+$I16-1),1),1),1),$I16-1))+1),INDEX(Attenuation!$J:$J,($H16-1+MIN(MAX(IFERROR(MATCH(LN(J$5),INDEX(Attenuation!$J:$J,$H16):INDEX(Attenuation!$J:$J,$H16+$I16-1),1),1),1),$I16-1))):INDEX(Attenuation!$J:$J,($H16-1+MIN(MAX(IFERROR(MATCH(LN(J$5),INDEX(Attenuation!$J:$J,$H16):INDEX(Attenuation!$J:$J,$H16+$I16-1),1),1),1),$I16-1))+1))))) -> 1.5469042 | K16: =IF($A16="","",IF(K$5>2*$G16,"",EXP(FORECAST(LN(K$5),INDEX(Attenuation!$K:$K,($H16-1+MIN(MAX(IFERROR(MATCH(LN(K$5),INDEX(Attenuation!$J:$J,$H16):INDEX(Attenuation!$J:$J,$H16+$I16-1),1),1),1),$I16-1))):INDEX(Attenuation!$K:$K,($H16-1+MIN(MAX(IFERROR(MATCH(LN(K$5),INDEX(Attenuation!$J:$J,$H16):INDEX(Attenuation!$J:$J,$H16+$I16-1),1),1),1),$I16-1))+1),INDEX(Attenuation!$J:$J,($H16-1+MIN(MAX(IFERROR(MATCH(LN(K$5),INDEX(Attenuation!$J:$J,$H16):INDEX(Attenuation!$J:$J,$H16+$I16-1),1),1),1),$I16-1))):INDEX(Attenuation!$J:$J,($H16-1+MIN(MAX(IFERROR(MATCH(LN(K$5),INDEX(Attenuation!$J:$J,$H16):INDEX(Attenuation!$J:$J,$H16+$I16-1),1),1),1),$I16-1))+1))))) -> 2.176663 | L16: =IF($A16="","",IF(L$5>2*$G16,"",EXP(FORECAST(LN(L$5),INDEX(Attenuation!$K:$K,($H16-1+MIN(MAX(IFERROR(MATCH(LN(L$5),INDEX(Attenuation!$J:$J,$H16):INDEX(Attenuation!$J:$J,$H16+$I16-1),1),1),1),$I16-1))):INDEX(Attenuation!$K:$K,($H16-1+MIN(MAX(IFERROR(MATCH(LN(L$5),INDEX(Attenuation!$J:$J,$H16):INDEX(Attenuation!$J:$J,$H16+$I16-1),1),1),1),$I16-1))+1),INDEX(Attenuation!$J:$J,($H16-1+MIN(MAX(IFERROR(MATCH(LN(L$5),INDEX(Attenuation!$J:$J,$H16):INDEX(Attenuation!$J:$J,$H16+$I16-1),1),1),1),$I16-1))):INDEX(Attenuation!$J:$J,($H16-1+MIN(MAX(IFERROR(MATCH(LN(L$5),INDEX(Attenuation!$J:$J,$H16):INDEX(Attenuation!$J:$J,$H16+$I16-1),1),1),1),$I16-1))+1))))) -> 3.1074395 | M16: =IF($A16="","",IF(M$5>2*$G16,"",EXP(FORECAST(LN(M$5),INDEX(Attenuation!$K:$K,($H16-1+MIN(MAX(IFERROR(MATCH(LN(M$5),INDEX(Attenuation!$J:$J,$H16):INDEX(Attenuation!$J:$J,$H16+$I16-1),1),1),1),$I16-1))):INDEX(Attenuation!$K:$K,($H16-1+MIN(MAX(IFERROR(MATCH(LN(M$5),INDEX(Attenuation!$J:$J,$H16):INDEX(Attenuation!$J:$J,$H16+$I16-1),1),1),1),$I16-1))+1),INDEX(Attenuation!$J:$J,($H16-1+MIN(MAX(IFERROR(MATCH(LN(M$5),INDEX(Attenuation!$J:$J,$H16):INDEX(Attenuation!$J:$J,$H16+$I16-1),1),1),1),$I16-1))):INDEX(Attenuation!$J:$J,($H16-1+MIN(MAX(IFERROR(MATCH(LN(M$5),INDEX(Attenuation!$J:$J,$H16):INDEX(Attenuation!$J:$J,$H16+$I16-1),1),1),1),$I16-1))+1))))) -> 4.4362313 | N16: =IF($A16="","",IF(N$5>2*$G16,"",EXP(FORECAST(LN(N$5),INDEX(Attenuation!$K:$K,($H16-1+MIN(MAX(IFERROR(MATCH(LN(N$5),INDEX(Attenuation!$J:$J,$H16):INDEX(Attenuation!$J:$J,$H16+$I16-1),1),1),1),$I16-1))):INDEX(Attenuation!$K:$K,($H16-1+MIN(MAX(IFERROR(MATCH(LN(N$5),INDEX(Attenuation!$J:$J,$H16):INDEX(Attenuation!$J:$J,$H16+$I16-1),1),1),1),$I16-1))+1),INDEX(Attenuation!$J:$J,($H16-1+MIN(MAX(IFERROR(MATCH(LN(N$5),INDEX(Attenuation!$J:$J,$H16):INDEX(Attenuation!$J:$J,$H16+$I16-1),1),1),1),$I16-1))):INDEX(Attenuation!$J:$J,($H16-1+MIN(MAX(IFERROR(MATCH(LN(N$5),INDEX(Attenuation!$J:$J,$H16):INDEX(Attenuation!$J:$J,$H16+$I16-1),1),1),1),$I16-1))+1))))) -> 5.4633133 | O16: =IF($A16="","",IF(O$5>2*$G16,"",EXP(FORECAST(LN(O$5),INDEX(Attenuation!$K:$K,($H16-1+MIN(MAX(IFERROR(MATCH(LN(O$5),INDEX(Attenuation!$J:$J,$H16):INDEX(Attenuation!$J:$J,$H16+$I16-1),1),1),1),$I16-1))):INDEX(Attenuation!$K:$K,($H16-1+MIN(MAX(IFERROR(MATCH(LN(O$5),INDEX(Attenuation!$J:$J,$H16):INDEX(Attenuation!$J:$J,$H16+$I16-1),1),1),1),$I16-1))+1),INDEX(Attenuation!$J:$J,($H16-1+MIN(MAX(IFERROR(MATCH(LN(O$5),INDEX(Attenuation!$J:$J,$H16):INDEX(Attenuation!$J:$J,$H16+$I16-1),1),1),1),$I16-1))):INDEX(Attenuation!$J:$J,($H16-1+MIN(MAX(IFERROR(MATCH(LN(O$5),INDEX(Attenuation!$J:$J,$H16):INDEX(Attenuation!$J:$J,$H16+$I16-1),1),1),1),$I16-1))+1))))) -> 6.333236 | P16: =IF($A16="","",IF(P$5>2*$G16,"",EXP(FORECAST(LN(P$5),INDEX(Attenuation!$K:$K,($H16-1+MIN(MAX(IFERROR(MATCH(LN(P$5),INDEX(Attenuation!$J:$J,$H16):INDEX(Attenuation!$J:$J,$H16+$I16-1),1),1),1),$I16-1))):INDEX(Attenuation!$K:$K,($H16-1+MIN(MAX(IFERROR(MATCH(LN(P$5),INDEX(Attenuation!$J:$J,$H16):INDEX(Attenuation!$J:$J,$H16+$I16-1),1),1),1),$I16-1))+1),INDEX(Attenuation!$J:$J,($H16-1+MIN(MAX(IFERROR(MATCH(LN(P$5),INDEX(Attenuation!$J:$J,$H16):INDEX(Attenuation!$J:$J,$H16+$I16-1),1),1),1),$I16-1))):INDEX(Attenuation!$J:$J,($H16-1+MIN(MAX(IFERROR(MATCH(LN(P$5),INDEX(Attenuation!$J:$J,$H16):INDEX(Attenuation!$J:$J,$H16+$I16-1),1),1),1),$I16-1))+1))))) -> 8.5301837 | Q16: =IF($A16="","",IF(Q$5>2*$G16,"",EXP(FORECAST(LN(Q$5),INDEX(Attenuation!$K:$K,($H16-1+MIN(MAX(IFERROR(MATCH(LN(Q$5),INDEX(Attenuation!$J:$J,$H16):INDEX(Attenuation!$J:$J,$H16+$I16-1),1),1),1),$I16-1))):INDEX(Attenuation!$K:$K,($H16-1+MIN(MAX(IFERROR(MATCH(LN(Q$5),INDEX(Attenuation!$J:$J,$H16):INDEX(Attenuation!$J:$J,$H16+$I16-1),1),1),1),$I16-1))+1),INDEX(Attenuation!$J:$J,($H16-1+MIN(MAX(IFERROR(MATCH(LN(Q$5),INDEX(Attenuation!$J:$J,$H16):INDEX(Attenuation!$J:$J,$H16+$I16-1),1),1),1),$I16-1))):INDEX(Attenuation!$J:$J,($H16-1+MIN(MAX(IFERROR(MATCH(LN(Q$5),INDEX(Attenuation!$J:$J,$H16):INDEX(Attenuation!$J:$J,$H16+$I16-1),1),1),1),$I16-1))+1))))) -> 14.15624 | ... U16: =IF($A16="","",IF(U$5>2*$G16,"",EXP(FORECAST(LN(U$5),INDEX(Attenuation!$K:$K,($H16-1+MIN(MAX(IFERROR(MATCH(LN(U$5),INDEX(Attenuation!$J:$J,$H16):INDEX(Attenuation!$J:$J,$H16+$I16-1),1),1),1),$I16-1))):INDEX(Attenuation!$K:$K,($H16-1+MIN(MAX(IFERROR(MATCH(LN(U$5),INDEX(Attenuation!$J:$J,$H16):INDEX(Attenuation!$J:$J,$H16+$I16-1),1),1),1),$I16-1))+1),INDEX(Attenuation!$J:$J,($H16-1+MIN(MAX(IFERROR(MATCH(LN(U$5),INDEX(Attenuation!$J:$J,$H16):INDEX(Attenuation!$J:$J,$H16+$I16-1),1),1),1),$I16-1))):INDEX(Attenuation!$J:$J,($H16-1+MIN(MAX(IFERROR(MATCH(LN(U$5),INDEX(Attenuation!$J:$J,$H16):INDEX(Attenuation!$J:$J,$H16+$I16-1),1),1),1),$I16-1))+1))))) | W16: =IF(J16="","",J16*0.3048) -> 0.47149639 | X16: =IF(K16="","",K16*0.3048) -> 0.66344687 | Y16: =IF(L16="","",L16*0.3048) -> 0.94714756 | Z16: =IF(M16="","",M16*0.3048) -> 1.3521633 | AA16: =IF(N16="","",N16*0.3048) -> 1.6652179 | AB16: =IF(O16="","",O16*0.3048) -> 1.9303703 | AC16: =IF(P16="","",P16*0.3048) -> 2.6 | AD16: =IF(Q16="","",Q16*0.3048) -> 4.3148221 | ... AH16: =IF(U16="","",U16*0.3048)
A17: =IF(ROWS($A$6:A17)>COUNTA(Cables!$A:$A)-1,"",INDEX(Cables!$A:$A,ROWS($A$6:A17)+1)) -> BEL-83242 | B17: =IF($A17="","",IF(INDEX(Cables!$B:$B,MATCH($A17,Cables!$A:$A,0))="","",INDEX(Cables!$B:$B,MATCH($A17,Cables!$A:$A,0)))) -> Belden 83242 (RG-142) | C17: =IF($A17="","",IF(INDEX(Cables!$F:$F,MATCH($A17,Cables!$A:$A,0))="","",INDEX(Cables!$F:$F,MATCH($A17,Cables!$A:$A,0)))) -> 50 | D17: =IF($A17="","",IF(INDEX(Cables!$H:$H,MATCH($A17,Cables!$A:$A,0))="","",INDEX(Cables!$H:$H,MATCH($A17,Cables!$A:$A,0)))) -> 4.95 | E17: =IF($A17="","",IF(INDEX(Cables!$Q:$Q,MATCH($A17,Cables!$A:$A,0))="","",INDEX(Cables!$Q:$Q,MATCH($A17,Cables!$A:$A,0)))) -> 0.7 | F17: =IF($A17="","",IF(INDEX(Cables!$AQ:$AQ,MATCH($A17,Cables!$A:$A,0))="","",INDEX(Cables!$AQ:$AQ,MATCH($A17,Cables!$A:$A,0)))) -> 1 | G17: =IF($A17="","",IF(INDEX(Cables!$AR:$AR,MATCH($A17,Cables!$A:$A,0))="","",INDEX(Cables!$AR:$AR,MATCH($A17,Cables!$A:$A,0)))) -> 8000 | H17: =IF($A17="","",IF(INDEX(Cables!$AO:$AO,MATCH($A17,Cables!$A:$A,0))="","",INDEX(Cables!$AO:$AO,MATCH($A17,Cables!$A:$A,0)))) -> 107 | I17: =IF($A17="","",IF(INDEX(Cables!$AP:$AP,MATCH($A17,Cables!$A:$A,0))="","",INDEX(Cables!$AP:$AP,MATCH($A17,Cables!$A:$A,0)))) -> 13 | J17: =IF($A17="","",IF(J$5>2*$G17,"",EXP(FORECAST(LN(J$5),INDEX(Attenuation!$K:$K,($H17-1+MIN(MAX(IFERROR(MATCH(LN(J$5),INDEX(Attenuation!$J:$J,$H17):INDEX(Attenuation!$J:$J,$H17+$I17-1),1),1),1),$I17-1))):INDEX(Attenuation!$K:$K,($H17-1+MIN(MAX(IFERROR(MATCH(LN(J$5),INDEX(Attenuation!$J:$J,$H17):INDEX(Attenuation!$J:$J,$H17+$I17-1),1),1),1),$I17-1))+1),INDEX(Attenuation!$J:$J,($H17-1+MIN(MAX(IFERROR(MATCH(LN(J$5),INDEX(Attenuation!$J:$J,$H17):INDEX(Attenuation!$J:$J,$H17+$I17-1),1),1),1),$I17-1))):INDEX(Attenuation!$J:$J,($H17-1+MIN(MAX(IFERROR(MATCH(LN(J$5),INDEX(Attenuation!$J:$J,$H17):INDEX(Attenuation!$J:$J,$H17+$I17-1),1),1),1),$I17-1))+1))))) -> 1.371353 | K17: =IF($A17="","",IF(K$5>2*$G17,"",EXP(FORECAST(LN(K$5),INDEX(Attenuation!$K:$K,($H17-1+MIN(MAX(IFERROR(MATCH(LN(K$5),INDEX(Attenuation!$J:$J,$H17):INDEX(Attenuation!$J:$J,$H17+$I17-1),1),1),1),$I17-1))):INDEX(Attenuation!$K:$K,($H17-1+MIN(MAX(IFERROR(MATCH(LN(K$5),INDEX(Attenuation!$J:$J,$H17):INDEX(Attenuation!$J:$J,$H17+$I17-1),1),1),1),$I17-1))+1),INDEX(Attenuation!$J:$J,($H17-1+MIN(MAX(IFERROR(MATCH(LN(K$5),INDEX(Attenuation!$J:$J,$H17):INDEX(Attenuation!$J:$J,$H17+$I17-1),1),1),1),$I17-1))):INDEX(Attenuation!$J:$J,($H17-1+MIN(MAX(IFERROR(MATCH(LN(K$5),INDEX(Attenuation!$J:$J,$H17):INDEX(Attenuation!$J:$J,$H17+$I17-1),1),1),1),$I17-1))+1))))) -> 1.9957601 | L17: =IF($A17="","",IF(L$5>2*$G17,"",EXP(FORECAST(LN(L$5),INDEX(Attenuation!$K:$K,($H17-1+MIN(MAX(IFERROR(MATCH(LN(L$5),INDEX(Attenuation!$J:$J,$H17):INDEX(Attenuation!$J:$J,$H17+$I17-1),1),1),1),$I17-1))):INDEX(Attenuation!$K:$K,($H17-1+MIN(MAX(IFERROR(MATCH(LN(L$5),INDEX(Attenuation!$J:$J,$H17):INDEX(Attenuation!$J:$J,$H17+$I17-1),1),1),1),$I17-1))+1),INDEX(Attenuation!$J:$J,($H17-1+MIN(MAX(IFERROR(MATCH(LN(L$5),INDEX(Attenuation!$J:$J,$H17):INDEX(Attenuation!$J:$J,$H17+$I17-1),1),1),1),$I17-1))):INDEX(Attenuation!$J:$J,($H17-1+MIN(MAX(IFERROR(MATCH(LN(L$5),INDEX(Attenuation!$J:$J,$H17):INDEX(Attenuation!$J:$J,$H17+$I17-1),1),1),1),$I17-1))+1))))) -> 2.951012 | M17: =IF($A17="","",IF(M$5>2*$G17,"",EXP(FORECAST(LN(M$5),INDEX(Attenuation!$K:$K,($H17-1+MIN(MAX(IFERROR(MATCH(LN(M$5),INDEX(Attenuation!$J:$J,$H17):INDEX(Attenuation!$J:$J,$H17+$I17-1),1),1),1),$I17-1))):INDEX(Attenuation!$K:$K,($H17-1+MIN(MAX(IFERROR(MATCH(LN(M$5),INDEX(Attenuation!$J:$J,$H17):INDEX(Attenuation!$J:$J,$H17+$I17-1),1),1),1),$I17-1))+1),INDEX(Attenuation!$J:$J,($H17-1+MIN(MAX(IFERROR(MATCH(LN(M$5),INDEX(Attenuation!$J:$J,$H17):INDEX(Attenuation!$J:$J,$H17+$I17-1),1),1),1),$I17-1))):INDEX(Attenuation!$J:$J,($H17-1+MIN(MAX(IFERROR(MATCH(LN(M$5),INDEX(Attenuation!$J:$J,$H17):INDEX(Attenuation!$J:$J,$H17+$I17-1),1),1),1),$I17-1))+1))))) -> 4.319955 | N17: =IF($A17="","",IF(N$5>2*$G17,"",EXP(FORECAST(LN(N$5),INDEX(Attenuation!$K:$K,($H17-1+MIN(MAX(IFERROR(MATCH(LN(N$5),INDEX(Attenuation!$J:$J,$H17):INDEX(Attenuation!$J:$J,$H17+$I17-1),1),1),1),$I17-1))):INDEX(Attenuation!$K:$K,($H17-1+MIN(MAX(IFERROR(MATCH(LN(N$5),INDEX(Attenuation!$J:$J,$H17):INDEX(Attenuation!$J:$J,$H17+$I17-1),1),1),1),$I17-1))+1),INDEX(Attenuation!$J:$J,($H17-1+MIN(MAX(IFERROR(MATCH(LN(N$5),INDEX(Attenuation!$J:$J,$H17):INDEX(Attenuation!$J:$J,$H17+$I17-1),1),1),1),$I17-1))):INDEX(Attenuation!$J:$J,($H17-1+MIN(MAX(IFERROR(MATCH(LN(N$5),INDEX(Attenuation!$J:$J,$H17):INDEX(Attenuation!$J:$J,$H17+$I17-1),1),1),1),$I17-1))+1))))) -> 5.3653155 | O17: =IF($A17="","",IF(O$5>2*$G17,"",EXP(FORECAST(LN(O$5),INDEX(Attenuation!$K:$K,($H17-1+MIN(MAX(IFERROR(MATCH(LN(O$5),INDEX(Attenuation!$J:$J,$H17):INDEX(Attenuation!$J:$J,$H17+$I17-1),1),1),1),$I17-1))):INDEX(Attenuation!$K:$K,($H17-1+MIN(MAX(IFERROR(MATCH(LN(O$5),INDEX(Attenuation!$J:$J,$H17):INDEX(Attenuation!$J:$J,$H17+$I17-1),1),1),1),$I17-1))+1),INDEX(Attenuation!$J:$J,($H17-1+MIN(MAX(IFERROR(MATCH(LN(O$5),INDEX(Attenuation!$J:$J,$H17):INDEX(Attenuation!$J:$J,$H17+$I17-1),1),1),1),$I17-1))):INDEX(Attenuation!$J:$J,($H17-1+MIN(MAX(IFERROR(MATCH(LN(O$5),INDEX(Attenuation!$J:$J,$H17):INDEX(Attenuation!$J:$J,$H17+$I17-1),1),1),1),$I17-1))+1))))) -> 6.2570793 | P17: =IF($A17="","",IF(P$5>2*$G17,"",EXP(FORECAST(LN(P$5),INDEX(Attenuation!$K:$K,($H17-1+MIN(MAX(IFERROR(MATCH(LN(P$5),INDEX(Attenuation!$J:$J,$H17):INDEX(Attenuation!$J:$J,$H17+$I17-1),1),1),1),$I17-1))):INDEX(Attenuation!$K:$K,($H17-1+MIN(MAX(IFERROR(MATCH(LN(P$5),INDEX(Attenuation!$J:$J,$H17):INDEX(Attenuation!$J:$J,$H17+$I17-1),1),1),1),$I17-1))+1),INDEX(Attenuation!$J:$J,($H17-1+MIN(MAX(IFERROR(MATCH(LN(P$5),INDEX(Attenuation!$J:$J,$H17):INDEX(Attenuation!$J:$J,$H17+$I17-1),1),1),1),$I17-1))):INDEX(Attenuation!$J:$J,($H17-1+MIN(MAX(IFERROR(MATCH(LN(P$5),INDEX(Attenuation!$J:$J,$H17):INDEX(Attenuation!$J:$J,$H17+$I17-1),1),1),1),$I17-1))+1))))) -> 8.5301837 | Q17: =IF($A17="","",IF(Q$5>2*$G17,"",EXP(FORECAST(LN(Q$5),INDEX(Attenuation!$K:$K,($H17-1+MIN(MAX(IFERROR(MATCH(LN(Q$5),INDEX(Attenuation!$J:$J,$H17):INDEX(Attenuation!$J:$J,$H17+$I17-1),1),1),1),$I17-1))):INDEX(Attenuation!$K:$K,($H17-1+MIN(MAX(IFERROR(MATCH(LN(Q$5),INDEX(Attenuation!$J:$J,$H17):INDEX(Attenuation!$J:$J,$H17+$I17-1),1),1),1),$I17-1))+1),INDEX(Attenuation!$J:$J,($H17-1+MIN(MAX(IFERROR(MATCH(LN(Q$5),INDEX(Attenuation!$J:$J,$H17):INDEX(Attenuation!$J:$J,$H17+$I17-1),1),1),1),$I17-1))):INDEX(Attenuation!$J:$J,($H17-1+MIN(MAX(IFERROR(MATCH(LN(Q$5),INDEX(Attenuation!$J:$J,$H17):INDEX(Attenuation!$J:$J,$H17+$I17-1),1),1),1),$I17-1))+1))))) -> 15.288362 | ... U17: =IF($A17="","",IF(U$5>2*$G17,"",EXP(FORECAST(LN(U$5),INDEX(Attenuation!$K:$K,($H17-1+MIN(MAX(IFERROR(MATCH(LN(U$5),INDEX(Attenuation!$J:$J,$H17):INDEX(Attenuation!$J:$J,$H17+$I17-1),1),1),1),$I17-1))):INDEX(Attenuation!$K:$K,($H17-1+MIN(MAX(IFERROR(MATCH(LN(U$5),INDEX(Attenuation!$J:$J,$H17):INDEX(Attenuation!$J:$J,$H17+$I17-1),1),1),1),$I17-1))+1),INDEX(Attenuation!$J:$J,($H17-1+MIN(MAX(IFERROR(MATCH(LN(U$5),INDEX(Attenuation!$J:$J,$H17):INDEX(Attenuation!$J:$J,$H17+$I17-1),1),1),1),$I17-1))):INDEX(Attenuation!$J:$J,($H17-1+MIN(MAX(IFERROR(MATCH(LN(U$5),INDEX(Attenuation!$J:$J,$H17):INDEX(Attenuation!$J:$J,$H17+$I17-1),1),1),1),$I17-1))+1))))) -> 116.41586 | W17: =IF(J17="","",J17*0.3048) -> 0.41798841 | X17: =IF(K17="","",K17*0.3048) -> 0.60830769 | Y17: =IF(L17="","",L17*0.3048) -> 0.89946845 | Z17: =IF(M17="","",M17*0.3048) -> 1.3167223 | AA17: =IF(N17="","",N17*0.3048) -> 1.6353482 | AB17: =IF(O17="","",O17*0.3048) -> 1.9071578 | AC17: =IF(P17="","",P17*0.3048) -> 2.6 | AD17: =IF(Q17="","",Q17*0.3048) -> 4.6598927 | ... AH17: =IF(U17="","",U17*0.3048) -> 35.483554
... A105: =IF(ROWS($A$6:A105)>COUNTA(Cables!$A:$A)-1,"",INDEX(Cables!$A:$A,ROWS($A$6:A105)+1)) | B105: =IF($A105="","",IF(INDEX(Cables!$B:$B,MATCH($A105,Cables!$A:$A,0))="","",INDEX(Cables!$B:$B,MATCH($A105,Cables!$A:$A,0)))) | C105: =IF($A105="","",IF(INDEX(Cables!$F:$F,MATCH($A105,Cables!$A:$A,0))="","",INDEX(Cables!$F:$F,MATCH($A105,Cables!$A:$A,0)))) | D105: =IF($A105="","",IF(INDEX(Cables!$H:$H,MATCH($A105,Cables!$A:$A,0))="","",INDEX(Cables!$H:$H,MATCH($A105,Cables!$A:$A,0)))) | E105: =IF($A105="","",IF(INDEX(Cables!$Q:$Q,MATCH($A105,Cables!$A:$A,0))="","",INDEX(Cables!$Q:$Q,MATCH($A105,Cables!$A:$A,0)))) | F105: =IF($A105="","",IF(INDEX(Cables!$AQ:$AQ,MATCH($A105,Cables!$A:$A,0))="","",INDEX(Cables!$AQ:$AQ,MATCH($A105,Cables!$A:$A,0)))) | G105: =IF($A105="","",IF(INDEX(Cables!$AR:$AR,MATCH($A105,Cables!$A:$A,0))="","",INDEX(Cables!$AR:$AR,MATCH($A105,Cables!$A:$A,0)))) | H105: =IF($A105="","",IF(INDEX(Cables!$AO:$AO,MATCH($A105,Cables!$A:$A,0))="","",INDEX(Cables!$AO:$AO,MATCH($A105,Cables!$A:$A,0)))) | I105: =IF($A105="","",IF(INDEX(Cables!$AP:$AP,MATCH($A105,Cables!$A:$A,0))="","",INDEX(Cables!$AP:$AP,MATCH($A105,Cables!$A:$A,0)))) | J105: =IF($A105="","",IF(J$5>2*$G105,"",EXP(FORECAST(LN(J$5),INDEX(Attenuation!$K:$K,($H105-1+MIN(MAX(IFERROR(MATCH(LN(J$5),INDEX(Attenuation!$J:$J,$H105):INDEX(Attenuation!$J:$J,$H105+$I105-1),1),1),1),$I105-1))):INDEX(Attenuation!$K:$K,($H105-1+MIN(MAX(IFERROR(MATCH(LN(J$5),INDEX(Attenuation!$J:$J,$H105):INDEX(Attenuation!$J:$J,$H105+$I105-1),1),1),1),$I105-1))+1),INDEX(Attenuation!$J:$J,($H105-1+MIN(MAX(IFERROR(MATCH(LN(J$5),INDEX(Attenuation!$J:$J,$H105):INDEX(Attenuation!$J:$J,$H105+$I105-1),1),1),1),$I105-1))):INDEX(Attenuation!$J:$J,($H105-1+MIN(MAX(IFERROR(MATCH(LN(J$5),INDEX(Attenuation!$J:$J,$H105):INDEX(Attenuation!$J:$J,$H105+$I105-1),1),1),1),$I105-1))+1))))) | K105: =IF($A105="","",IF(K$5>2*$G105,"",EXP(FORECAST(LN(K$5),INDEX(Attenuation!$K:$K,($H105-1+MIN(MAX(IFERROR(MATCH(LN(K$5),INDEX(Attenuation!$J:$J,$H105):INDEX(Attenuation!$J:$J,$H105+$I105-1),1),1),1),$I105-1))):INDEX(Attenuation!$K:$K,($H105-1+MIN(MAX(IFERROR(MATCH(LN(K$5),INDEX(Attenuation!$J:$J,$H105):INDEX(Attenuation!$J:$J,$H105+$I105-1),1),1),1),$I105-1))+1),INDEX(Attenuation!$J:$J,($H105-1+MIN(MAX(IFERROR(MATCH(LN(K$5),INDEX(Attenuation!$J:$J,$H105):INDEX(Attenuation!$J:$J,$H105+$I105-1),1),1),1),$I105-1))):INDEX(Attenuation!$J:$J,($H105-1+MIN(MAX(IFERROR(MATCH(LN(K$5),INDEX(Attenuation!$J:$J,$H105):INDEX(Attenuation!$J:$J,$H105+$I105-1),1),1),1),$I105-1))+1))))) | L105: =IF($A105="","",IF(L$5>2*$G105,"",EXP(FORECAST(LN(L$5),INDEX(Attenuation!$K:$K,($H105-1+MIN(MAX(IFERROR(MATCH(LN(L$5),INDEX(Attenuation!$J:$J,$H105):INDEX(Attenuation!$J:$J,$H105+$I105-1),1),1),1),$I105-1))):INDEX(Attenuation!$K:$K,($H105-1+MIN(MAX(IFERROR(MATCH(LN(L$5),INDEX(Attenuation!$J:$J,$H105):INDEX(Attenuation!$J:$J,$H105+$I105-1),1),1),1),$I105-1))+1),INDEX(Attenuation!$J:$J,($H105-1+MIN(MAX(IFERROR(MATCH(LN(L$5),INDEX(Attenuation!$J:$J,$H105):INDEX(Attenuation!$J:$J,$H105+$I105-1),1),1),1),$I105-1))):INDEX(Attenuation!$J:$J,($H105-1+MIN(MAX(IFERROR(MATCH(LN(L$5),INDEX(Attenuation!$J:$J,$H105):INDEX(Attenuation!$J:$J,$H105+$I105-1),1),1),1),$I105-1))+1))))) | M105: =IF($A105="","",IF(M$5>2*$G105,"",EXP(FORECAST(LN(M$5),INDEX(Attenuation!$K:$K,($H105-1+MIN(MAX(IFERROR(MATCH(LN(M$5),INDEX(Attenuation!$J:$J,$H105):INDEX(Attenuation!$J:$J,$H105+$I105-1),1),1),1),$I105-1))):INDEX(Attenuation!$K:$K,($H105-1+MIN(MAX(IFERROR(MATCH(LN(M$5),INDEX(Attenuation!$J:$J,$H105):INDEX(Attenuation!$J:$J,$H105+$I105-1),1),1),1),$I105-1))+1),INDEX(Attenuation!$J:$J,($H105-1+MIN(MAX(IFERROR(MATCH(LN(M$5),INDEX(Attenuation!$J:$J,$H105):INDEX(Attenuation!$J:$J,$H105+$I105-1),1),1),1),$I105-1))):INDEX(Attenuation!$J:$J,($H105-1+MIN(MAX(IFERROR(MATCH(LN(M$5),INDEX(Attenuation!$J:$J,$H105):INDEX(Attenuation!$J:$J,$H105+$I105-1),1),1),1),$I105-1))+1))))) | N105: =IF($A105="","",IF(N$5>2*$G105,"",EXP(FORECAST(LN(N$5),INDEX(Attenuation!$K:$K,($H105-1+MIN(MAX(IFERROR(MATCH(LN(N$5),INDEX(Attenuation!$J:$J,$H105):INDEX(Attenuation!$J:$J,$H105+$I105-1),1),1),1),$I105-1))):INDEX(Attenuation!$K:$K,($H105-1+MIN(MAX(IFERROR(MATCH(LN(N$5),INDEX(Attenuation!$J:$J,$H105):INDEX(Attenuation!$J:$J,$H105+$I105-1),1),1),1),$I105-1))+1),INDEX(Attenuation!$J:$J,($H105-1+MIN(MAX(IFERROR(MATCH(LN(N$5),INDEX(Attenuation!$J:$J,$H105):INDEX(Attenuation!$J:$J,$H105+$I105-1),1),1),1),$I105-1))):INDEX(Attenuation!$J:$J,($H105-1+MIN(MAX(IFERROR(MATCH(LN(N$5),INDEX(Attenuation!$J:$J,$H105):INDEX(Attenuation!$J:$J,$H105+$I105-1),1),1),1),$I105-1))+1))))) | O105: =IF($A105="","",IF(O$5>2*$G105,"",EXP(FORECAST(LN(O$5),INDEX(Attenuation!$K:$K,($H105-1+MIN(MAX(IFERROR(MATCH(LN(O$5),INDEX(Attenuation!$J:$J,$H105):INDEX(Attenuation!$J:$J,$H105+$I105-1),1),1),1),$I105-1))):INDEX(Attenuation!$K:$K,($H105-1+MIN(MAX(IFERROR(MATCH(LN(O$5),INDEX(Attenuation!$J:$J,$H105):INDEX(Attenuation!$J:$J,$H105+$I105-1),1),1),1),$I105-1))+1),INDEX(Attenuation!$J:$J,($H105-1+MIN(MAX(IFERROR(MATCH(LN(O$5),INDEX(Attenuation!$J:$J,$H105):INDEX(Attenuation!$J:$J,$H105+$I105-1),1),1),1),$I105-1))):INDEX(Attenuation!$J:$J,($H105-1+MIN(MAX(IFERROR(MATCH(LN(O$5),INDEX(Attenuation!$J:$J,$H105):INDEX(Attenuation!$J:$J,$H105+$I105-1),1),1),1),$I105-1))+1))))) | P105: =IF($A105="","",IF(P$5>2*$G105,"",EXP(FORECAST(LN(P$5),INDEX(Attenuation!$K:$K,($H105-1+MIN(MAX(IFERROR(MATCH(LN(P$5),INDEX(Attenuation!$J:$J,$H105):INDEX(Attenuation!$J:$J,$H105+$I105-1),1),1),1),$I105-1))):INDEX(Attenuation!$K:$K,($H105-1+MIN(MAX(IFERROR(MATCH(LN(P$5),INDEX(Attenuation!$J:$J,$H105):INDEX(Attenuation!$J:$J,$H105+$I105-1),1),1),1),$I105-1))+1),INDEX(Attenuation!$J:$J,($H105-1+MIN(MAX(IFERROR(MATCH(LN(P$5),INDEX(Attenuation!$J:$J,$H105):INDEX(Attenuation!$J:$J,$H105+$I105-1),1),1),1),$I105-1))):INDEX(Attenuation!$J:$J,($H105-1+MIN(MAX(IFERROR(MATCH(LN(P$5),INDEX(Attenuation!$J:$J,$H105):INDEX(Attenuation!$J:$J,$H105+$I105-1),1),1),1),$I105-1))+1))))) | Q105: =IF($A105="","",IF(Q$5>2*$G105,"",EXP(FORECAST(LN(Q$5),INDEX(Attenuation!$K:$K,($H105-1+MIN(MAX(IFERROR(MATCH(LN(Q$5),INDEX(Attenuation!$J:$J,$H105):INDEX(Attenuation!$J:$J,$H105+$I105-1),1),1),1),$I105-1))):INDEX(Attenuation!$K:$K,($H105-1+MIN(MAX(IFERROR(MATCH(LN(Q$5),INDEX(Attenuation!$J:$J,$H105):INDEX(Attenuation!$J:$J,$H105+$I105-1),1),1),1),$I105-1))+1),INDEX(Attenuation!$J:$J,($H105-1+MIN(MAX(IFERROR(MATCH(LN(Q$5),INDEX(Attenuation!$J:$J,$H105):INDEX(Attenuation!$J:$J,$H105+$I105-1),1),1),1),$I105-1))):INDEX(Attenuation!$J:$J,($H105-1+MIN(MAX(IFERROR(MATCH(LN(Q$5),INDEX(Attenuation!$J:$J,$H105):INDEX(Attenuation!$J:$J,$H105+$I105-1),1),1),1),$I105-1))+1))))) | ... U105: =IF($A105="","",IF(U$5>2*$G105,"",EXP(FORECAST(LN(U$5),INDEX(Attenuation!$K:$K,($H105-1+MIN(MAX(IFERROR(MATCH(LN(U$5),INDEX(Attenuation!$J:$J,$H105):INDEX(Attenuation!$J:$J,$H105+$I105-1),1),1),1),$I105-1))):INDEX(Attenuation!$K:$K,($H105-1+MIN(MAX(IFERROR(MATCH(LN(U$5),INDEX(Attenuation!$J:$J,$H105):INDEX(Attenuation!$J:$J,$H105+$I105-1),1),1),1),$I105-1))+1),INDEX(Attenuation!$J:$J,($H105-1+MIN(MAX(IFERROR(MATCH(LN(U$5),INDEX(Attenuation!$J:$J,$H105):INDEX(Attenuation!$J:$J,$H105+$I105-1),1),1),1),$I105-1))):INDEX(Attenuation!$J:$J,($H105-1+MIN(MAX(IFERROR(MATCH(LN(U$5),INDEX(Attenuation!$J:$J,$H105):INDEX(Attenuation!$J:$J,$H105+$I105-1),1),1),1),$I105-1))+1))))) | W105: =IF(J105="","",J105*0.3048) | X105: =IF(K105="","",K105*0.3048) | Y105: =IF(L105="","",L105*0.3048) | Z105: =IF(M105="","",M105*0.3048) | AA105: =IF(N105="","",N105*0.3048) | AB105: =IF(O105="","",O105*0.3048) | AC105: =IF(P105="","",P105*0.3048) | AD105: =IF(Q105="","",Q105*0.3048) | ... AH105: =IF(U105="","",U105*0.3048)

Sheet Graph
A1: Zayıflama - frekans (log-log, dB/100 m)
A2: Sarı hücrelerden en fazla 8 kablo seçin. Eğri, datasheet aralığının yarısından iki katına kadar çizilir (1-10000 MHz). Hesap Ham_Bands ile aynı log-log interpolasyondur.
AB3: =IF($B$5="","",INDEX(Cables!$AO:$AO,MATCH($B$5,Cables!$B:$B,0))) -> 52 | AC3: =IF($B$6="","",INDEX(Cables!$AO:$AO,MATCH($B$6,Cables!$B:$B,0))) -> 120 | AD3: =IF($B$7="","",INDEX(Cables!$AO:$AO,MATCH($B$7,Cables!$B:$B,0))) -> 262 | AE3: =IF($B$8="","",INDEX(Cables!$AO:$AO,MATCH($B$8,Cables!$B:$B,0))) -> 501 | AF3: =IF($B$9="","",INDEX(Cables!$AO:$AO,MATCH($B$9,Cables!$B:$B,0))) -> 536 | AG3: =IF($B$10="","",INDEX(Cables!$AO:$AO,MATCH($B$10,Cables!$B:$B,0))) -> 642 | AH3: =IF($B$11="","",INDEX(Cables!$AO:$AO,MATCH($B$11,Cables!$B:$B,0))) -> 852 | AI3: =IF($B$12="","",INDEX(Cables!$AO:$AO,MATCH($B$12,Cables!$B:$B,0))) -> 932
B4: Grafikteki kablolar | AB4: =IF($B$5="","",INDEX(Cables!$AP:$AP,MATCH($B$5,Cables!$B:$B,0))) -> 9 | AC4: =IF($B$6="","",INDEX(Cables!$AP:$AP,MATCH($B$6,Cables!$B:$B,0))) -> 9 | AD4: =IF($B$7="","",INDEX(Cables!$AP:$AP,MATCH($B$7,Cables!$B:$B,0))) -> 10 | AE4: =IF($B$8="","",INDEX(Cables!$AP:$AP,MATCH($B$8,Cables!$B:$B,0))) -> 12 | AF4: =IF($B$9="","",INDEX(Cables!$AP:$AP,MATCH($B$9,Cables!$B:$B,0))) -> 25 | AG4: =IF($B$10="","",INDEX(Cables!$AP:$AP,MATCH($B$10,Cables!$B:$B,0))) -> 25 | AH4: =IF($B$11="","",INDEX(Cables!$AP:$AP,MATCH($B$11,Cables!$B:$B,0))) -> 60 | AI4: =IF($B$12="","",INDEX(Cables!$AP:$AP,MATCH($B$12,Cables!$B:$B,0))) -> 44
B5: Belden 8259 (RG-58) | AB5: =IF($B$5="","",INDEX(Cables!$AQ:$AQ,MATCH($B$5,Cables!$B:$B,0))) -> 1 | AC5: =IF($B$6="","",INDEX(Cables!$AQ:$AQ,MATCH($B$6,Cables!$B:$B,0))) -> 1 | AD5: =IF($B$7="","",INDEX(Cables!$AQ:$AQ,MATCH($B$7,Cables!$B:$B,0))) -> 1 | AE5: =IF($B$8="","",INDEX(Cables!$AQ:$AQ,MATCH($B$8,Cables!$B:$B,0))) -> 30 | AF5: =IF($B$9="","",INDEX(Cables!$AQ:$AQ,MATCH($B$9,Cables!$B:$B,0))) -> 1.8 | AG5: =IF($B$10="","",INDEX(Cables!$AQ:$AQ,MATCH($B$10,Cables!$B:$B,0))) -> 1.8 | AH5: =IF($B$11="","",INDEX(Cables!$AQ:$AQ,MATCH($B$11,Cables!$B:$B,0))) -> 1 | AI5: =IF($B$12="","",INDEX(Cables!$AQ:$AQ,MATCH($B$12,Cables!$B:$B,0))) -> 0.5
B6: Belden 9258 (RG-8X) | AB6: =IF($B$5="","",INDEX(Cables!$AR:$AR,MATCH($B$5,Cables!$B:$B,0))) -> 1000 | AC6: =IF($B$6="","",INDEX(Cables!$AR:$AR,MATCH($B$6,Cables!$B:$B,0))) -> 1000 | AD6: =IF($B$7="","",INDEX(Cables!$AR:$AR,MATCH($B$7,Cables!$B:$B,0))) -> 4000 | AE6: =IF($B$8="","",INDEX(Cables!$AR:$AR,MATCH($B$8,Cables!$B:$B,0))) -> 5800 | AF6: =IF($B$9="","",INDEX(Cables!$AR:$AR,MATCH($B$9,Cables!$B:$B,0))) -> 10000 | AG6: =IF($B$10="","",INDEX(Cables!$AR:$AR,MATCH($B$10,Cables!$B:$B,0))) -> 12000 | AH6: =IF($B$11="","",INDEX(Cables!$AR:$AR,MATCH($B$11,Cables!$B:$B,0))) -> 8800 | AI6: =IF($B$12="","",INDEX(Cables!$AR:$AR,MATCH($B$12,Cables!$B:$B,0))) -> 5000
B7: Belden 8267 (RG-213/U)
B8: Times Microwave LMR-400 (Amphenol)
B9: Messi & Paoloni Hyperflex 10 | AA9: f (MHz) | AB9: =$B$5 -> Belden 8259 (RG-58) | AC9: =$B$6 -> Belden 9258 (RG-8X) | AD9: =$B$7 -> Belden 8267 (RG-213/U) | AE9: =$B$8 -> Times Microwave LMR-400 (Amphenol) | AF9: =$B$9 -> Messi & Paoloni Hyperflex 10 | AG9: =$B$10 -> Messi & Paoloni Airborne 10 | AH9: =$B$11 -> CommScope LDF4-50A (1/2" HELIAX) | AI9: =$B$12 -> CommScope LDF5-50A (7/8" HELIAX)
B10: Messi & Paoloni Airborne 10 | AA10: =10^(0/10) -> 1 | AB10: =IF($B$5="",NA(),IF(OR($AA10<AB$5/2,$AA10>2*AB$6),NA(),EXP(FORECAST(LN($AA10),INDEX(Attenuation!$K:$K,(AB$3-1+MIN(MAX(IFERROR(MATCH(LN($AA10),INDEX(Attenuation!$J:$J,AB$3):INDEX(Attenuation!$J:$J,AB$3+AB$4-1),1),1),1),AB$4-1))):INDEX(Attenuation!$K:$K,(AB$3-1+MIN(MAX(IFERROR(MATCH(LN($AA10),INDEX(Attenuation!$J:$J,AB$3):INDEX(Attenuation!$J:$J,AB$3+AB$4-1),1),1),1),AB$4-1))+1),INDEX(Attenuation!$J:$J,(AB$3-1+MIN(MAX(IFERROR(MATCH(LN($AA10),INDEX(Attenuation!$J:$J,AB$3):INDEX(Attenuation!$J:$J,AB$3+AB$4-1),1),1),1),AB$4-1))):INDEX(Attenuation!$J:$J,(AB$3-1+MIN(MAX(IFERROR(MATCH(LN($AA10),INDEX(Attenuation!$J:$J,AB$3):INDEX(Attenuation!$J:$J,AB$3+AB$4-1),1),1),1),AB$4-1))+1))))) -> 1.312336 | AC10: =IF($B$6="",NA(),IF(OR($AA10<AC$5/2,$AA10>2*AC$6),NA(),EXP(FORECAST(LN($AA10),INDEX(Attenuation!$K:$K,(AC$3-1+MIN(MAX(IFERROR(MATCH(LN($AA10),INDEX(Attenuation!$J:$J,AC$3):INDEX(Attenuation!$J:$J,AC$3+AC$4-1),1),1),1),AC$4-1))):INDEX(Attenuation!$K:$K,(AC$3-1+MIN(MAX(IFERROR(MATCH(LN($AA10),INDEX(Attenuation!$J:$J,AC$3):INDEX(Attenuation!$J:$J,AC$3+AC$4-1),1),1),1),AC$4-1))+1),INDEX(Attenuation!$J:$J,(AC$3-1+MIN(MAX(IFERROR(MATCH(LN($AA10),INDEX(Attenuation!$J:$J,AC$3):INDEX(Attenuation!$J:$J,AC$3+AC$4-1),1),1),1),AC$4-1))):INDEX(Attenuation!$J:$J,(AC$3-1+MIN(MAX(IFERROR(MATCH(LN($AA10),INDEX(Attenuation!$J:$J,AC$3):INDEX(Attenuation!$J:$J,AC$3+AC$4-1),1),1),1),AC$4-1))+1))))) -> 0.98425197 | AD10: =IF($B$7="",NA(),IF(OR($AA10<AD$5/2,$AA10>2*AD$6),NA(),EXP(FORECAST(LN($AA10),INDEX(Attenuation!$K:$K,(AD$3-1+MIN(MAX(IFERROR(MATCH(LN($AA10),INDEX(Attenuation!$J:$J,AD$3):INDEX(Attenuation!$J:$J,AD$3+AD$4-1),1),1),1),AD$4-1))):INDEX(Attenuation!$K:$K,(AD$3-1+MIN(MAX(IFERROR(MATCH(LN($AA10),INDEX(Attenuation!$J:$J,AD$3):INDEX(Attenuation!$J:$J,AD$3+AD$4-1),1),1),1),AD$4-1))+1),INDEX(Attenuation!$J:$J,(AD$3-1+MIN(MAX(IFERROR(MATCH(LN($AA10),INDEX(Attenuation!$J:$J,AD$3):INDEX(Attenuation!$J:$J,AD$3+AD$4-1),1),1),1),AD$4-1))):INDEX(Attenuation!$J:$J,(AD$3-1+MIN(MAX(IFERROR(MATCH(LN($AA10),INDEX(Attenuation!$J:$J,AD$3):INDEX(Attenuation!$J:$J,AD$3+AD$4-1),1),1),1),AD$4-1))+1))))) -> 0.55774278 | AE10: =IF($B$8="",NA(),IF(OR($AA10<AE$5/2,$AA10>2*AE$6),NA(),EXP(FORECAST(LN($AA10),INDEX(Attenuation!$K:$K,(AE$3-1+MIN(MAX(IFERROR(MATCH(LN($AA10),INDEX(Attenuation!$J:$J,AE$3):INDEX(Attenuation!$J:$J,AE$3+AE$4-1),1),1),1),AE$4-1))):INDEX(Attenuation!$K:$K,(AE$3-1+MIN(MAX(IFERROR(MATCH(LN($AA10),INDEX(Attenuation!$J:$J,AE$3):INDEX(Attenuation!$J:$J,AE$3+AE$4-1),1),1),1),AE$4-1))+1),INDEX(Attenuation!$J:$J,(AE$3-1+MIN(MAX(IFERROR(MATCH(LN($AA10),INDEX(Attenuation!$J:$J,AE$3):INDEX(Attenuation!$J:$J,AE$3+AE$4-1),1),1),1),AE$4-1))):INDEX(Attenuation!$J:$J,(AE$3-1+MIN(MAX(IFERROR(MATCH(LN($AA10),INDEX(Attenuation!$J:$J,AE$3):INDEX(Attenuation!$J:$J,AE$3+AE$4-1),1),1),1),AE$4-1))+1))))) -> #N/A | AF10: =IF($B$9="",NA(),IF(OR($AA10<AF$5/2,$AA10>2*AF$6),NA(),EXP(FORECAST(LN($AA10),INDEX(Attenuation!$K:$K,(AF$3-1+MIN(MAX(IFERROR(MATCH(LN($AA10),INDEX(Attenuation!$J:$J,AF$3):INDEX(Attenuation!$J:$J,AF$3+AF$4-1),1),1),1),AF$4-1))):INDEX(Attenuation!$K:$K,(AF$3-1+MIN(MAX(IFERROR(MATCH(LN($AA10),INDEX(Attenuation!$J:$J,AF$3):INDEX(Attenuation!$J:$J,AF$3+AF$4-1),1),1),1),AF$4-1))+1),INDEX(Attenuation!$J:$J,(AF$3-1+MIN(MAX(IFERROR(MATCH(LN($AA10),INDEX(Attenuation!$J:$J,AF$3):INDEX(Attenuation!$J:$J,AF$3+AF$4-1),1),1),1),AF$4-1))):INDEX(Attenuation!$J:$J,(AF$3-1+MIN(MAX(IFERROR(MATCH(LN($AA10),INDEX(Attenuation!$J:$J,AF$3):INDEX(Attenuation!$J:$J,AF$3+AF$4-1),1),1),1),AF$4-1))+1))))) -> 0.65679399 | AG10: =IF($B$10="",NA(),IF(OR($AA10<AG$5/2,$AA10>2*AG$6),NA(),EXP(FORECAST(LN($AA10),INDEX(Attenuation!$K:$K,(AG$3-1+MIN(MAX(IFERROR(MATCH(LN($AA10),INDEX(Attenuation!$J:$J,AG$3):INDEX(Attenuation!$J:$J,AG$3+AG$4-1),1),1),1),AG$4-1))):INDEX(Attenuation!$K:$K,(AG$3-1+MIN(MAX(IFERROR(MATCH(LN($AA10),INDEX(Attenuation!$J:$J,AG$3):INDEX(Attenuation!$J:$J,AG$3+AG$4-1),1),1),1),AG$4-1))+1),INDEX(Attenuation!$J:$J,(AG$3-1+MIN(MAX(IFERROR(MATCH(LN($AA10),INDEX(Attenuation!$J:$J,AG$3):INDEX(Attenuation!$J:$J,AG$3+AG$4-1),1),1),1),AG$4-1))):INDEX(Attenuation!$J:$J,(AG$3-1+MIN(MAX(IFERROR(MATCH(LN($AA10),INDEX(Attenuation!$J:$J,AG$3):INDEX(Attenuation!$J:$J,AG$3+AG$4-1),1),1),1),AG$4-1))+1))))) -> 0.46528093 | AH10: =IF($B$11="",NA(),IF(OR($AA10<AH$5/2,$AA10>2*AH$6),NA(),EXP(FORECAST(LN($AA10),INDEX(Attenuation!$K:$K,(AH$3-1+MIN(MAX(IFERROR(MATCH(LN($AA10),INDEX(Attenuation!$J:$J,AH$3):INDEX(Attenuation!$J:$J,AH$3+AH$4-1),1),1),1),AH$4-1))):INDEX(Attenuation!$K:$K,(AH$3-1+MIN(MAX(IFERROR(MATCH(LN($AA10),INDEX(Attenuation!$J:$J,AH$3):INDEX(Attenuation!$J:$J,AH$3+AH$4-1),1),1),1),AH$4-1))+1),INDEX(Attenuation!$J:$J,(AH$3-1+MIN(MAX(IFERROR(MATCH(LN($AA10),INDEX(Attenuation!$J:$J,AH$3):INDEX(Attenuation!$J:$J,AH$3+AH$4-1),1),1),1),AH$4-1))):INDEX(Attenuation!$J:$J,(AH$3-1+MIN(MAX(IFERROR(MATCH(LN($AA10),INDEX(Attenuation!$J:$J,AH$3):INDEX(Attenuation!$J:$J,AH$3+AH$4-1),1),1),1),AH$4-1))+1))))) -> 0.211 | AI10: =IF($B$12="",NA(),IF(OR($AA10<AI$5/2,$AA10>2*AI$6),NA(),EXP(FORECAST(LN($AA10),INDEX(Attenuation!$K:$K,(AI$3-1+MIN(MAX(IFERROR(MATCH(LN($AA10),INDEX(Attenuation!$J:$J,AI$3):INDEX(Attenuation!$J:$J,AI$3+AI$4-1),1),1),1),AI$4-1))):INDEX(Attenuation!$K:$K,(AI$3-1+MIN(MAX(IFERROR(MATCH(LN($AA10),INDEX(Attenuation!$J:$J,AI$3):INDEX(Attenuation!$J:$J,AI$3+AI$4-1),1),1),1),AI$4-1))+1),INDEX(Attenuation!$J:$J,(AI$3-1+MIN(MAX(IFERROR(MATCH(LN($AA10),INDEX(Attenuation!$J:$J,AI$3):INDEX(Attenuation!$J:$J,AI$3+AI$4-1),1),1),1),AI$4-1))):INDEX(Attenuation!$J:$J,(AI$3-1+MIN(MAX(IFERROR(MATCH(LN($AA10),INDEX(Attenuation!$J:$J,AI$3):INDEX(Attenuation!$J:$J,AI$3+AI$4-1),1),1),1),AI$4-1))+1))))) -> 0.115
B11: CommScope LDF4-50A (1/2" HELIAX) | AA11: =10^(1/10) -> 1.2589254 | AB11: =IF($B$5="",NA(),IF(OR($AA11<AB$5/2,$AA11>2*AB$6),NA(),EXP(FORECAST(LN($AA11),INDEX(Attenuation!$K:$K,(AB$3-1+MIN(MAX(IFERROR(MATCH(LN($AA11),INDEX(Attenuation!$J:$J,AB$3):INDEX(Attenuation!$J:$J,AB$3+AB$4-1),1),1),1),AB$4-1))):INDEX(Attenuation!$K:$K,(AB$3-1+MIN(MAX(IFERROR(MATCH(LN($AA11),INDEX(Attenuation!$J:$J,AB$3):INDEX(Attenuation!$J:$J,AB$3+AB$4-1),1),1),1),AB$4-1))+1),INDEX(Attenuation!$J:$J,(AB$3-1+MIN(MAX(IFERROR(MATCH(LN($AA11),INDEX(Attenuation!$J:$J,AB$3):INDEX(Attenuation!$J:$J,AB$3+AB$4-1),1),1),1),AB$4-1))):INDEX(Attenuation!$J:$J,(AB$3-1+MIN(MAX(IFERROR(MATCH(LN($AA11),INDEX(Attenuation!$J:$J,AB$3):INDEX(Attenuation!$J:$J,AB$3+AB$4-1),1),1),1),AB$4-1))+1))))) -> 1.4977804 | AC11: =IF($B$6="",NA(),IF(OR($AA11<AC$5/2,$AA11>2*AC$6),NA(),EXP(FORECAST(LN($AA11),INDEX(Attenuation!$K:$K,(AC$3-1+MIN(MAX(IFERROR(MATCH(LN($AA11),INDEX(Attenuation!$J:$J,AC$3):INDEX(Attenuation!$J:$J,AC$3+AC$4-1),1),1),1),AC$4-1))):INDEX(Attenuation!$K:$K,(AC$3-1+MIN(MAX(IFERROR(MATCH(LN($AA11),INDEX(Attenuation!$J:$J,AC$3):INDEX(Attenuation!$J:$J,AC$3+AC$4-1),1),1),1),AC$4-1))+1),INDEX(Attenuation!$J:$J,(AC$3-1+MIN(MAX(IFERROR(MATCH(LN($AA11),INDEX(Attenuation!$J:$J,AC$3):INDEX(Attenuation!$J:$J,AC$3+AC$4-1),1),1),1),AC$4-1))):INDEX(Attenuation!$J:$J,(AC$3-1+MIN(MAX(IFERROR(MATCH(LN($AA11),INDEX(Attenuation!$J:$J,AC$3):INDEX(Attenuation!$J:$J,AC$3+AC$4-1),1),1),1),AC$4-1))+1))))) -> 1.0985464 | AD11: =IF($B$7="",NA(),IF(OR($AA11<AD$5/2,$AA11>2*AD$6),NA(),EXP(FORECAST(LN($AA11),INDEX(Attenuation!$K:$K,(AD$3-1+MIN(MAX(IFERROR(MATCH(LN($AA11),INDEX(Attenuation!$J:$J,AD$3):INDEX(Attenuation!$J:$J,AD$3+AD$4-1),1),1),1),AD$4-1))):INDEX(Attenuation!$K:$K,(AD$3-1+MIN(MAX(IFERROR(MATCH(LN($AA11),INDEX(Attenuation!$J:$J,AD$3):INDEX(Attenuation!$J:$J,AD$3+AD$4-1),1),1),1),AD$4-1))+1),INDEX(Attenuation!$J:$J,(AD$3-1+MIN(MAX(IFERROR(MATCH(LN($AA11),INDEX(Attenuation!$J:$J,AD$3):INDEX(Attenuation!$J:$J,AD$3+AD$4-1),1),1),1),AD$4-1))):INDEX(Attenuation!$J:$J,(AD$3-1+MIN(MAX(IFERROR(MATCH(LN($AA11),INDEX(Attenuation!$J:$J,AD$3):INDEX(Attenuation!$J:$J,AD$3+AD$4-1),1),1),1),AD$4-1))+1))))) -> 0.62722785 | AE11: =IF($B$8="",NA(),IF(OR($AA11<AE$5/2,$AA11>2*AE$6),NA(),EXP(FORECAST(LN($AA11),INDEX(Attenuation!$K:$K,(AE$3-1+MIN(MAX(IFERROR(MATCH(LN($AA11),INDEX(Attenuation!$J:$J,AE$3):INDEX(Attenuation!$J:$J,AE$3+AE$4-1),1),1),1),AE$4-1))):INDEX(Attenuation!$K:$K,(AE$3-1+MIN(MAX(IFERROR(MATCH(LN($AA11),INDEX(Attenuation!$J:$J,AE$3):INDEX(Attenuation!$J:$J,AE$3+AE$4-1),1),1),1),AE$4-1))+1),INDEX(Attenuation!$J:$J,(AE$3-1+MIN(MAX(IFERROR(MATCH(LN($AA11),INDEX(Attenuation!$J:$J,AE$3):INDEX(Attenuation!$J:$J,AE$3+AE$4-1),1),1),1),AE$4-1))):INDEX(Attenuation!$J:$J,(AE$3-1+MIN(MAX(IFERROR(MATCH(LN($AA11),INDEX(Attenuation!$J:$J,AE$3):INDEX(Attenuation!$J:$J,AE$3+AE$4-1),1),1),1),AE$4-1))+1))))) -> #N/A | AF11: =IF($B$9="",NA(),IF(OR($AA11<AF$5/2,$AA11>2*AF$6),NA(),EXP(FORECAST(LN($AA11),INDEX(Attenuation!$K:$K,(AF$3-1+MIN(MAX(IFERROR(MATCH(LN($AA11),INDEX(Attenuation!$J:$J,AF$3):INDEX(Attenuation!$J:$J,AF$3+AF$4-1),1),1),1),AF$4-1))):INDEX(Attenuation!$K:$K,(AF$3-1+MIN(MAX(IFERROR(MATCH(LN($AA11),INDEX(Attenuation!$J:$J,AF$3):INDEX(Attenuation!$J:$J,AF$3+AF$4-1),1),1),1),AF$4-1))+1),INDEX(Attenuation!$J:$J,(AF$3-1+MIN(MAX(IFERROR(MATCH(LN($AA11),INDEX(Attenuation!$J:$J,AF$3):INDEX(Attenuation!$J:$J,AF$3+AF$4-1),1),1),1),AF$4-1))):INDEX(Attenuation!$J:$J,(AF$3-1+MIN(MAX(IFERROR(MATCH(LN($AA11),INDEX(Attenuation!$J:$J,AF$3):INDEX(Attenuation!$J:$J,AF$3+AF$4-1),1),1),1),AF$4-1))+1))))) -> 0.70955455 | AG11: =IF($B$10="",NA(),IF(OR($AA11<AG$5/2,$AA11>2*AG$6),NA(),EXP(FORECAST(LN($AA11),INDEX(Attenuation!$K:$K,(AG$3-1+MIN(MAX(IFERROR(MATCH(LN($AA11),INDEX(Attenuation!$J:$J,AG$3):INDEX(Attenuation!$J:$J,AG$3+AG$4-1),1),1),1),AG$4-1))):INDEX(Attenuation!$K:$K,(AG$3-1+MIN(MAX(IFERROR(MATCH(LN($AA11),INDEX(Attenuation!$J:$J,AG$3):INDEX(Attenuation!$J:$J,AG$3+AG$4-1),1),1),1),AG$4-1))+1),INDEX(Attenuation!$J:$J,(AG$3-1+MIN(MAX(IFERROR(MATCH(LN($AA11),INDEX(Attenuation!$J:$J,AG$3):INDEX(Attenuation!$J:$J,AG$3+AG$4-1),1),1),1),AG$4-1))):INDEX(Attenuation!$J:$J,(AG$3-1+MIN(MAX(IFERROR(MATCH(LN($AA11),INDEX(Attenuation!$J:$J,AG$3):INDEX(Attenuation!$J:$J,AG$3+AG$4-1),1),1),1),AG$4-1))+1))))) -> 0.51401673 | AH11: =IF($B$11="",NA(),IF(OR($AA11<AH$5/2,$AA11>2*AH$6),NA(),EXP(FORECAST(LN($AA11),INDEX(Attenuation!$K:$K,(AH$3-1+MIN(MAX(IFERROR(MATCH(LN($AA11),INDEX(Attenuation!$J:$J,AH$3):INDEX(Attenuation!$J:$J,AH$3+AH$4-1),1),1),1),AH$4-1))):INDEX(Attenuation!$K:$K,(AH$3-1+MIN(MAX(IFERROR(MATCH(LN($AA11),INDEX(Attenuation!$J:$J,AH$3):INDEX(Attenuation!$J:$J,AH$3+AH$4-1),1),1),1),AH$4-1))+1),INDEX(Attenuation!$J:$J,(AH$3-1+MIN(MAX(IFERROR(MATCH(LN($AA11),INDEX(Attenuation!$J:$J,AH$3):INDEX(Attenuation!$J:$J,AH$3+AH$4-1),1),1),1),AH$4-1))):INDEX(Attenuation!$J:$J,(AH$3-1+MIN(MAX(IFERROR(MATCH(LN($AA11),INDEX(Attenuation!$J:$J,AH$3):INDEX(Attenuation!$J:$J,AH$3+AH$4-1),1),1),1),AH$4-1))+1))))) -> 0.23704689 | AI11: =IF($B$12="",NA(),IF(OR($AA11<AI$5/2,$AA11>2*AI$6),NA(),EXP(FORECAST(LN($AA11),INDEX(Attenuation!$K:$K,(AI$3-1+MIN(MAX(IFERROR(MATCH(LN($AA11),INDEX(Attenuation!$J:$J,AI$3):INDEX(Attenuation!$J:$J,AI$3+AI$4-1),1),1),1),AI$4-1))):INDEX(Attenuation!$K:$K,(AI$3-1+MIN(MAX(IFERROR(MATCH(LN($AA11),INDEX(Attenuation!$J:$J,AI$3):INDEX(Attenuation!$J:$J,AI$3+AI$4-1),1),1),1),AI$4-1))+1),INDEX(Attenuation!$J:$J,(AI$3-1+MIN(MAX(IFERROR(MATCH(LN($AA11),INDEX(Attenuation!$J:$J,AI$3):INDEX(Attenuation!$J:$J,AI$3+AI$4-1),1),1),1),AI$4-1))):INDEX(Attenuation!$J:$J,(AI$3-1+MIN(MAX(IFERROR(MATCH(LN($AA11),INDEX(Attenuation!$J:$J,AI$3):INDEX(Attenuation!$J:$J,AI$3+AI$4-1),1),1),1),AI$4-1))+1))))) -> 0.1291124
B12: CommScope LDF5-50A (7/8" HELIAX) | AA12: =10^(2/10) -> 1.5848932 | AB12: =IF($B$5="",NA(),IF(OR($AA12<AB$5/2,$AA12>2*AB$6),NA(),EXP(FORECAST(LN($AA12),INDEX(Attenuation!$K:$K,(AB$3-1+MIN(MAX(IFERROR(MATCH(LN($AA12),INDEX(Attenuation!$J:$J,AB$3):INDEX(Attenuation!$J:$J,AB$3+AB$4-1),1),1),1),AB$4-1))):INDEX(Attenuation!$K:$K,(AB$3-1+MIN(MAX(IFERROR(MATCH(LN($AA12),INDEX(Attenuation!$J:$J,AB$3):INDEX(Attenuation!$J:$J,AB$3+AB$4-1),1),1),1),AB$4-1))+1),INDEX(Attenuation!$J:$J,(AB$3-1+MIN(MAX(IFERROR(MATCH(LN($AA12),INDEX(Attenuation!$J:$J,AB$3):INDEX(Attenuation!$J:$J,AB$3+AB$4-1),1),1),1),AB$4-1))):INDEX(Attenuation!$J:$J,(AB$3-1+MIN(MAX(IFERROR(MATCH(LN($AA12),INDEX(Attenuation!$J:$J,AB$3):INDEX(Attenuation!$J:$J,AB$3+AB$4-1),1),1),1),AB$4-1))+1))))) -> 1.7094298 | AC12: =IF($B$6="",NA(),IF(OR($AA12<AC$5/2,$AA12>2*AC$6),NA(),EXP(FORECAST(LN($AA12),INDEX(Attenuation!$K:$K,(AC$3-1+MIN(MAX(IFERROR(MATCH(LN($AA12),INDEX(Attenuation!$J:$J,AC$3):INDEX(Attenuation!$J:$J,AC$3+AC$4-1),1),1),1),AC$4-1))):INDEX(Attenuation!$K:$K,(AC$3-1+MIN(MAX(IFERROR(MATCH(LN($AA12),INDEX(Attenuation!$J:$J,AC$3):INDEX(Attenuation!$J:$J,AC$3+AC$4-1),1),1),1),AC$4-1))+1),INDEX(Attenuation!$J:$J,(AC$3-1+MIN(MAX(IFERROR(MATCH(LN($AA12),INDEX(Attenuation!$J:$J,AC$3):INDEX(Attenuation!$J:$J,AC$3+AC$4-1),1),1),1),AC$4-1))):INDEX(Attenuation!$J:$J,(AC$3-1+MIN(MAX(IFERROR(MATCH(LN($AA12),INDEX(Attenuation!$J:$J,AC$3):INDEX(Attenuation!$J:$J,AC$3+AC$4-1),1),1),1),AC$4-1))+1))))) -> 1.2261131 | AD12: =IF($B$7="",NA(),IF(OR($AA12<AD$5/2,$AA12>2*AD$6),NA(),EXP(FORECAST(LN($AA12),INDEX(Attenuation!$K:$K,(AD$3-1+MIN(MAX(IFERROR(MATCH(LN($AA12),INDEX(Attenuation!$J:$J,AD$3):INDEX(Attenuation!$J:$J,AD$3+AD$4-1),1),1),1),AD$4-1))):INDEX(Attenuation!$K:$K,(AD$3-1+MIN(MAX(IFERROR(MATCH(LN($AA12),INDEX(Attenuation!$J:$J,AD$3):INDEX(Attenuation!$J:$J,AD$3+AD$4-1),1),1),1),AD$4-1))+1),INDEX(Attenuation!$J:$J,(AD$3-1+MIN(MAX(IFERROR(MATCH(LN($AA12),INDEX(Attenuation!$J:$J,AD$3):INDEX(Attenuation!$J:$J,AD$3+AD$4-1),1),1),1),AD$4-1))):INDEX(Attenuation!$J:$J,(AD$3-1+MIN(MAX(IFERROR(MATCH(LN($AA12),INDEX(Attenuation!$J:$J,AD$3):INDEX(Attenuation!$J:$J,AD$3+AD$4-1),1),1),1),AD$4-1))+1))))) -> 0.70536956 | AE12: =IF($B$8="",NA(),IF(OR($AA12<AE$5/2,$AA12>2*AE$6),NA(),EXP(FORECAST(LN($AA12),INDEX(Attenuation!$K:$K,(AE$3-1+MIN(MAX(IFERROR(MATCH(LN($AA12),INDEX(Attenuation!$J:$J,AE$3):INDEX(Attenuation!$J:$J,AE$3+AE$4-1),1),1),1),AE$4-1))):INDEX(Attenuation!$K:$K,(AE$3-1+MIN(MAX(IFERROR(MATCH(LN($AA12),INDEX(Attenuation!$J:$J,AE$3):INDEX(Attenuation!$J:$J,AE$3+AE$4-1),1),1),1),AE$4-1))+1),INDEX(Attenuation!$J:$J,(AE$3-1+MIN(MAX(IFERROR(MATCH(LN($AA12),INDEX(Attenuation!$J:$J,AE$3):INDEX(Attenuation!$J:$J,AE$3+AE$4-1),1),1),1),AE$4-1))):INDEX(Attenuation!$J:$J,(AE$3-1+MIN(MAX(IFERROR(MATCH(LN($AA12),INDEX(Attenuation!$J:$J,AE$3):INDEX(Attenuation!$J:$J,AE$3+AE$4-1),1),1),1),AE$4-1))+1))))) -> #N/A | AF12: =IF($B$9="",NA(),IF(OR($AA12<AF$5/2,$AA12>2*AF$6),NA(),EXP(FORECAST(LN($AA12),INDEX(Attenuation!$K:$K,(AF$3-1+MIN(MAX(IFERROR(MATCH(LN($AA12),INDEX(Attenuation!$J:$J,AF$3):INDEX(Attenuation!$J:$J,AF$3+AF$4-1),1),1),1),AF$4-1))):INDEX(Attenuation!$K:$K,(AF$3-1+MIN(MAX(IFERROR(MATCH(LN($AA12),INDEX(Attenuation!$J:$J,AF$3):INDEX(Attenuation!$J:$J,AF$3+AF$4-1),1),1),1),AF$4-1))+1),INDEX(Attenuation!$J:$J,(AF$3-1+MIN(MAX(IFERROR(MATCH(LN($AA12),INDEX(Attenuation!$J:$J,AF$3):INDEX(Attenuation!$J:$J,AF$3+AF$4-1),1),1),1),AF$4-1))):INDEX(Attenuation!$J:$J,(AF$3-1+MIN(MAX(IFERROR(MATCH(LN($AA12),INDEX(Attenuation!$J:$J,AF$3):INDEX(Attenuation!$J:$J,AF$3+AF$4-1),1),1),1),AF$4-1))+1))))) -> 0.76655338 | AG12: =IF($B$10="",NA(),IF(OR($AA12<AG$5/2,$AA12>2*AG$6),NA(),EXP(FORECAST(LN($AA12),INDEX(Attenuation!$K:$K,(AG$3-1+MIN(MAX(IFERROR(MATCH(LN($AA12),INDEX(Attenuation!$J:$J,AG$3):INDEX(Attenuation!$J:$J,AG$3+AG$4-1),1),1),1),AG$4-1))):INDEX(Attenuation!$K:$K,(AG$3-1+MIN(MAX(IFERROR(MATCH(LN($AA12),INDEX(Attenuation!$J:$J,AG$3):INDEX(Attenuation!$J:$J,AG$3+AG$4-1),1),1),1),AG$4-1))+1),INDEX(Attenuation!$J:$J,(AG$3-1+MIN(MAX(IFERROR(MATCH(LN($AA12),INDEX(Attenuation!$J:$J,AG$3):INDEX(Attenuation!$J:$J,AG$3+AG$4-1),1),1),1),AG$4-1))):INDEX(Attenuation!$J:$J,(AG$3-1+MIN(MAX(IFERROR(MATCH(LN($AA12),INDEX(Attenuation!$J:$J,AG$3):INDEX(Attenuation!$J:$J,AG$3+AG$4-1),1),1),1),AG$4-1))+1))))) -> 0.56785736 | AH12: =IF($B$11="",NA(),IF(OR($AA12<AH$5/2,$AA12>2*AH$6),NA(),EXP(FORECAST(LN($AA12),INDEX(Attenuation!$K:$K,(AH$3-1+MIN(MAX(IFERROR(MATCH(LN($AA12),INDEX(Attenuation!$J:$J,AH$3):INDEX(Attenuation!$J:$J,AH$3+AH$4-1),1),1),1),AH$4-1))):INDEX(Attenuation!$K:$K,(AH$3-1+MIN(MAX(IFERROR(MATCH(LN($AA12),INDEX(Attenuation!$J:$J,AH$3):INDEX(Attenuation!$J:$J,AH$3+AH$4-1),1),1),1),AH$4-1))+1),INDEX(Attenuation!$J:$J,(AH$3-1+MIN(MAX(IFERROR(MATCH(LN($AA12),INDEX(Attenuation!$J:$J,AH$3):INDEX(Attenuation!$J:$J,AH$3+AH$4-1),1),1),1),AH$4-1))):INDEX(Attenuation!$J:$J,(AH$3-1+MIN(MAX(IFERROR(MATCH(LN($AA12),INDEX(Attenuation!$J:$J,AH$3):INDEX(Attenuation!$J:$J,AH$3+AH$4-1),1),1),1),AH$4-1))+1))))) -> 0.26621676 | AI12: =IF($B$12="",NA(),IF(OR($AA12<AI$5/2,$AA12>2*AI$6),NA(),EXP(FORECAST(LN($AA12),INDEX(Attenuation!$K:$K,(AI$3-1+MIN(MAX(IFERROR(MATCH(LN($AA12),INDEX(Attenuation!$J:$J,AI$3):INDEX(Attenuation!$J:$J,AI$3+AI$4-1),1),1),1),AI$4-1))):INDEX(Attenuation!$K:$K,(AI$3-1+MIN(MAX(IFERROR(MATCH(LN($AA12),INDEX(Attenuation!$J:$J,AI$3):INDEX(Attenuation!$J:$J,AI$3+AI$4-1),1),1),1),AI$4-1))+1),INDEX(Attenuation!$J:$J,(AI$3-1+MIN(MAX(IFERROR(MATCH(LN($AA12),INDEX(Attenuation!$J:$J,AI$3):INDEX(Attenuation!$J:$J,AI$3+AI$4-1),1),1),1),AI$4-1))):INDEX(Attenuation!$J:$J,(AI$3-1+MIN(MAX(IFERROR(MATCH(LN($AA12),INDEX(Attenuation!$J:$J,AI$3):INDEX(Attenuation!$J:$J,AI$3+AI$4-1),1),1),1),AI$4-1))+1))))) -> 0.14496695
AA13: =10^(3/10) -> 1.9952623 | AB13: =IF($B$5="",NA(),IF(OR($AA13<AB$5/2,$AA13>2*AB$6),NA(),EXP(FORECAST(LN($AA13),INDEX(Attenuation!$K:$K,(AB$3-1+MIN(MAX(IFERROR(MATCH(LN($AA13),INDEX(Attenuation!$J:$J,AB$3):INDEX(Attenuation!$J:$J,AB$3+AB$4-1),1),1),1),AB$4-1))):INDEX(Attenuation!$K:$K,(AB$3-1+MIN(MAX(IFERROR(MATCH(LN($AA13),INDEX(Attenuation!$J:$J,AB$3):INDEX(Attenuation!$J:$J,AB$3+AB$4-1),1),1),1),AB$4-1))+1),INDEX(Attenuation!$J:$J,(AB$3-1+MIN(MAX(IFERROR(MATCH(LN($AA13),INDEX(Attenuation!$J:$J,AB$3):INDEX(Attenuation!$J:$J,AB$3+AB$4-1),1),1),1),AB$4-1))):INDEX(Attenuation!$J:$J,(AB$3-1+MIN(MAX(IFERROR(MATCH(LN($AA13),INDEX(Attenuation!$J:$J,AB$3):INDEX(Attenuation!$J:$J,AB$3+AB$4-1),1),1),1),AB$4-1))+1))))) -> 1.9509872 | AC13: =IF($B$6="",NA(),IF(OR($AA13<AC$5/2,$AA13>2*AC$6),NA(),EXP(FORECAST(LN($AA13),INDEX(Attenuation!$K:$K,(AC$3-1+MIN(MAX(IFERROR(MATCH(LN($AA13),INDEX(Attenuation!$J:$J,AC$3):INDEX(Attenuation!$J:$J,AC$3+AC$4-1),1),1),1),AC$4-1))):INDEX(Attenuation!$K:$K,(AC$3-1+MIN(MAX(IFERROR(MATCH(LN($AA13),INDEX(Attenuation!$J:$J,AC$3):INDEX(Attenuation!$J:$J,AC$3+AC$4-1),1),1),1),AC$4-1))+1),INDEX(Attenuation!$J:$J,(AC$3-1+MIN(MAX(IFERROR(MATCH(LN($AA13),INDEX(Attenuation!$J:$J,AC$3):INDEX(Attenuation!$J:$J,AC$3+AC$4-1),1),1),1),AC$4-1))):INDEX(Attenuation!$J:$J,(AC$3-1+MIN(MAX(IFERROR(MATCH(LN($AA13),INDEX(Attenuation!$J:$J,AC$3):INDEX(Attenuation!$J:$J,AC$3+AC$4-1),1),1),1),AC$4-1))+1))))) -> 1.3684933 | AD13: =IF($B$7="",NA(),IF(OR($AA13<AD$5/2,$AA13>2*AD$6),NA(),EXP(FORECAST(LN($AA13),INDEX(Attenuation!$K:$K,(AD$3-1+MIN(MAX(IFERROR(MATCH(LN($AA13),INDEX(Attenuation!$J:$J,AD$3):INDEX(Attenuation!$J:$J,AD$3+AD$4-1),1),1),1),AD$4-1))):INDEX(Attenuation!$K:$K,(AD$3-1+MIN(MAX(IFERROR(MATCH(LN($AA13),INDEX(Attenuation!$J:$J,AD$3):INDEX(Attenuation!$J:$J,AD$3+AD$4-1),1),1),1),AD$4-1))+1),INDEX(Attenuation!$J:$J,(AD$3-1+MIN(MAX(IFERROR(MATCH(LN($AA13),INDEX(Attenuation!$J:$J,AD$3):INDEX(Attenuation!$J:$J,AD$3+AD$4-1),1),1),1),AD$4-1))):INDEX(Attenuation!$J:$J,(AD$3-1+MIN(MAX(IFERROR(MATCH(LN($AA13),INDEX(Attenuation!$J:$J,AD$3):INDEX(Attenuation!$J:$J,AD$3+AD$4-1),1),1),1),AD$4-1))+1))))) -> 0.79324636 | AE13: =IF($B$8="",NA(),IF(OR($AA13<AE$5/2,$AA13>2*AE$6),NA(),EXP(FORECAST(LN($AA13),INDEX(Attenuation!$K:$K,(AE$3-1+MIN(MAX(IFERROR(MATCH(LN($AA13),INDEX(Attenuation!$J:$J,AE$3):INDEX(Attenuation!$J:$J,AE$3+AE$4-1),1),1),1),AE$4-1))):INDEX(Attenuation!$K:$K,(AE$3-1+MIN(MAX(IFERROR(MATCH(LN($AA13),INDEX(Attenuation!$J:$J,AE$3):INDEX(Attenuation!$J:$J,AE$3+AE$4-1),1),1),1),AE$4-1))+1),INDEX(Attenuation!$J:$J,(AE$3-1+MIN(MAX(IFERROR(MATCH(LN($AA13),INDEX(Attenuation!$J:$J,AE$3):INDEX(Attenuation!$J:$J,AE$3+AE$4-1),1),1),1),AE$4-1))):INDEX(Attenuation!$J:$J,(AE$3-1+MIN(MAX(IFERROR(MATCH(LN($AA13),INDEX(Attenuation!$J:$J,AE$3):INDEX(Attenuation!$J:$J,AE$3+AE$4-1),1),1),1),AE$4-1))+1))))) -> #N/A | AF13: =IF($B$9="",NA(),IF(OR($AA13<AF$5/2,$AA13>2*AF$6),NA(),EXP(FORECAST(LN($AA13),INDEX(Attenuation!$K:$K,(AF$3-1+MIN(MAX(IFERROR(MATCH(LN($AA13),INDEX(Attenuation!$J:$J,AF$3):INDEX(Attenuation!$J:$J,AF$3+AF$4-1),1),1),1),AF$4-1))):INDEX(Attenuation!$K:$K,(AF$3-1+MIN(MAX(IFERROR(MATCH(LN($AA13),INDEX(Attenuation!$J:$J,AF$3):INDEX(Attenuation!$J:$J,AF$3+AF$4-1),1),1),1),AF$4-1))+1),INDEX(Attenuation!$J:$J,(AF$3-1+MIN(MAX(IFERROR(MATCH(LN($AA13),INDEX(Attenuation!$J:$J,AF$3):INDEX(Attenuation!$J:$J,AF$3+AF$4-1),1),1),1),AF$4-1))):INDEX(Attenuation!$J:$J,(AF$3-1+MIN(MAX(IFERROR(MATCH(LN($AA13),INDEX(Attenuation!$J:$J,AF$3):INDEX(Attenuation!$J:$J,AF$3+AF$4-1),1),1),1),AF$4-1))+1))))) -> 0.82813096 | AG13: =IF($B$10="",NA(),IF(OR($AA13<AG$5/2,$AA13>2*AG$6),NA(),EXP(FORECAST(LN($AA13),INDEX(Attenuation!$K:$K,(AG$3-1+MIN(MAX(IFERROR(MATCH(LN($AA13),INDEX(Attenuation!$J:$J,AG$3):INDEX(Attenuation!$J:$J,AG$3+AG$4-1),1),1),1),AG$4-1))):INDEX(Attenuation!$K:$K,(AG$3-1+MIN(MAX(IFERROR(MATCH(LN($AA13),INDEX(Attenuation!$J:$J,AG$3):INDEX(Attenuation!$J:$J,AG$3+AG$4-1),1),1),1),AG$4-1))+1),INDEX(Attenuation!$J:$J,(AG$3-1+MIN(MAX(IFERROR(MATCH(LN($AA13),INDEX(Attenuation!$J:$J,AG$3):INDEX(Attenuation!$J:$J,AG$3+AG$4-1),1),1),1),AG$4-1))):INDEX(Attenuation!$J:$J,(AG$3-1+MIN(MAX(IFERROR(MATCH(LN($AA13),INDEX(Attenuation!$J:$J,AG$3):INDEX(Attenuation!$J:$J,AG$3+AG$4-1),1),1),1),AG$4-1))+1))))) -> 0.62733752 | AH13: =IF($B$11="",NA(),IF(OR($AA13<AH$5/2,$AA13>2*AH$6),NA(),EXP(FORECAST(LN($AA13),INDEX(Attenuation!$K:$K,(AH$3-1+MIN(MAX(IFERROR(MATCH(LN($AA13),INDEX(Attenuation!$J:$J,AH$3):INDEX(Attenuation!$J:$J,AH$3+AH$4-1),1),1),1),AH$4-1))):INDEX(Attenuation!$K:$K,(AH$3-1+MIN(MAX(IFERROR(MATCH(LN($AA13),INDEX(Attenuation!$J:$J,AH$3):INDEX(Attenuation!$J:$J,AH$3+AH$4-1),1),1),1),AH$4-1))+1),INDEX(Attenuation!$J:$J,(AH$3-1+MIN(MAX(IFERROR(MATCH(LN($AA13),INDEX(Attenuation!$J:$J,AH$3):INDEX(Attenuation!$J:$J,AH$3+AH$4-1),1),1),1),AH$4-1))):INDEX(Attenuation!$J:$J,(AH$3-1+MIN(MAX(IFERROR(MATCH(LN($AA13),INDEX(Attenuation!$J:$J,AH$3):INDEX(Attenuation!$J:$J,AH$3+AH$4-1),1),1),1),AH$4-1))+1))))) -> 0.2986462 | AI13: =IF($B$12="",NA(),IF(OR($AA13<AI$5/2,$AA13>2*AI$6),NA(),EXP(FORECAST(LN($AA13),INDEX(Attenuation!$K:$K,(AI$3-1+MIN(MAX(IFERROR(MATCH(LN($AA13),INDEX(Attenuation!$J:$J,AI$3):INDEX(Attenuation!$J:$J,AI$3+AI$4-1),1),1),1),AI$4-1))):INDEX(Attenuation!$K:$K,(AI$3-1+MIN(MAX(IFERROR(MATCH(LN($AA13),INDEX(Attenuation!$J:$J,AI$3):INDEX(Attenuation!$J:$J,AI$3+AI$4-1),1),1),1),AI$4-1))+1),INDEX(Attenuation!$J:$J,(AI$3-1+MIN(MAX(IFERROR(MATCH(LN($AA13),INDEX(Attenuation!$J:$J,AI$3):INDEX(Attenuation!$J:$J,AI$3+AI$4-1),1),1),1),AI$4-1))):INDEX(Attenuation!$J:$J,(AI$3-1+MIN(MAX(IFERROR(MATCH(LN($AA13),INDEX(Attenuation!$J:$J,AI$3):INDEX(Attenuation!$J:$J,AI$3+AI$4-1),1),1),1),AI$4-1))+1))))) -> 0.16280528
AA14: =10^(4/10) -> 2.5118864 | AB14: =IF($B$5="",NA(),IF(OR($AA14<AB$5/2,$AA14>2*AB$6),NA(),EXP(FORECAST(LN($AA14),INDEX(Attenuation!$K:$K,(AB$3-1+MIN(MAX(IFERROR(MATCH(LN($AA14),INDEX(Attenuation!$J:$J,AB$3):INDEX(Attenuation!$J:$J,AB$3+AB$4-1),1),1),1),AB$4-1))):INDEX(Attenuation!$K:$K,(AB$3-1+MIN(MAX(IFERROR(MATCH(LN($AA14),INDEX(Attenuation!$J:$J,AB$3):INDEX(Attenuation!$J:$J,AB$3+AB$4-1),1),1),1),AB$4-1))+1),INDEX(Attenuation!$J:$J,(AB$3-1+MIN(MAX(IFERROR(MATCH(LN($AA14),INDEX(Attenuation!$J:$J,AB$3):INDEX(Attenuation!$J:$J,AB$3+AB$4-1),1),1),1),AB$4-1))):INDEX(Attenuation!$J:$J,(AB$3-1+MIN(MAX(IFERROR(MATCH(LN($AA14),INDEX(Attenuation!$J:$J,AB$3):INDEX(Attenuation!$J:$J,AB$3+AB$4-1),1),1),1),AB$4-1))+1))))) -> 2.2266786 | AC14: =IF($B$6="",NA(),IF(OR($AA14<AC$5/2,$AA14>2*AC$6),NA(),EXP(FORECAST(LN($AA14),INDEX(Attenuation!$K:$K,(AC$3-1+MIN(MAX(IFERROR(MATCH(LN($AA14),INDEX(Attenuation!$J:$J,AC$3):INDEX(Attenuation!$J:$J,AC$3+AC$4-1),1),1),1),AC$4-1))):INDEX(Attenuation!$K:$K,(AC$3-1+MIN(MAX(IFERROR(MATCH(LN($AA14),INDEX(Attenuation!$J:$J,AC$3):INDEX(Attenuation!$J:$J,AC$3+AC$4-1),1),1),1),AC$4-1))+1),INDEX(Attenuation!$J:$J,(AC$3-1+MIN(MAX(IFERROR(MATCH(LN($AA14),INDEX(Attenuation!$J:$J,AC$3):INDEX(Attenuation!$J:$J,AC$3+AC$4-1),1),1),1),AC$4-1))):INDEX(Attenuation!$J:$J,(AC$3-1+MIN(MAX(IFERROR(MATCH(LN($AA14),INDEX(Attenuation!$J:$J,AC$3):INDEX(Attenuation!$J:$J,AC$3+AC$4-1),1),1),1),AC$4-1))+1))))) -> 1.5274071 | AD14: =IF($B$7="",NA(),IF(OR($AA14<AD$5/2,$AA14>2*AD$6),NA(),EXP(FORECAST(LN($AA14),INDEX(Attenuation!$K:$K,(AD$3-1+MIN(MAX(IFERROR(MATCH(LN($AA14),INDEX(Attenuation!$J:$J,AD$3):INDEX(Attenuation!$J:$J,AD$3+AD$4-1),1),1),1),AD$4-1))):INDEX(Attenuation!$K:$K,(AD$3-1+MIN(MAX(IFERROR(MATCH(LN($AA14),INDEX(Attenuation!$J:$J,AD$3):INDEX(Attenuation!$J:$J,AD$3+AD$4-1),1),1),1),AD$4-1))+1),INDEX(Attenuation!$J:$J,(AD$3-1+MIN(MAX(IFERROR(MATCH(LN($AA14),INDEX(Attenuation!$J:$J,AD$3):INDEX(Attenuation!$J:$J,AD$3+AD$4-1),1),1),1),AD$4-1))):INDEX(Attenuation!$J:$J,(AD$3-1+MIN(MAX(IFERROR(MATCH(LN($AA14),INDEX(Attenuation!$J:$J,AD$3):INDEX(Attenuation!$J:$J,AD$3+AD$4-1),1),1),1),AD$4-1))+1))))) -> 0.89207109 | AE14: =IF($B$8="",NA(),IF(OR($AA14<AE$5/2,$AA14>2*AE$6),NA(),EXP(FORECAST(LN($AA14),INDEX(Attenuation!$K:$K,(AE$3-1+MIN(MAX(IFERROR(MATCH(LN($AA14),INDEX(Attenuation!$J:$J,AE$3):INDEX(Attenuation!$J:$J,AE$3+AE$4-1),1),1),1),AE$4-1))):INDEX(Attenuation!$K:$K,(AE$3-1+MIN(MAX(IFERROR(MATCH(LN($AA14),INDEX(Attenuation!$J:$J,AE$3):INDEX(Attenuation!$J:$J,AE$3+AE$4-1),1),1),1),AE$4-1))+1),INDEX(Attenuation!$J:$J,(AE$3-1+MIN(MAX(IFERROR(MATCH(LN($AA14),INDEX(Attenuation!$J:$J,AE$3):INDEX(Attenuation!$J:$J,AE$3+AE$4-1),1),1),1),AE$4-1))):INDEX(Attenuation!$J:$J,(AE$3-1+MIN(MAX(IFERROR(MATCH(LN($AA14),INDEX(Attenuation!$J:$J,AE$3):INDEX(Attenuation!$J:$J,AE$3+AE$4-1),1),1),1),AE$4-1))+1))))) -> #N/A | AF14: =IF($B$9="",NA(),IF(OR($AA14<AF$5/2,$AA14>2*AF$6),NA(),EXP(FORECAST(LN($AA14),INDEX(Attenuation!$K:$K,(AF$3-1+MIN(MAX(IFERROR(MATCH(LN($AA14),INDEX(Attenuation!$J:$J,AF$3):INDEX(Attenuation!$J:$J,AF$3+AF$4-1),1),1),1),AF$4-1))):INDEX(Attenuation!$K:$K,(AF$3-1+MIN(MAX(IFERROR(MATCH(LN($AA14),INDEX(Attenuation!$J:$J,AF$3):INDEX(Attenuation!$J:$J,AF$3+AF$4-1),1),1),1),AF$4-1))+1),INDEX(Attenuation!$J:$J,(AF$3-1+MIN(MAX(IFERROR(MATCH(LN($AA14),INDEX(Attenuation!$J:$J,AF$3):INDEX(Attenuation!$J:$J,AF$3+AF$4-1),1),1),1),AF$4-1))):INDEX(Attenuation!$J:$J,(AF$3-1+MIN(MAX(IFERROR(MATCH(LN($AA14),INDEX(Attenuation!$J:$J,AF$3):INDEX(Attenuation!$J:$J,AF$3+AF$4-1),1),1),1),AF$4-1))+1))))) -> 0.89465509 | AG14: =IF($B$10="",NA(),IF(OR($AA14<AG$5/2,$AA14>2*AG$6),NA(),EXP(FORECAST(LN($AA14),INDEX(Attenuation!$K:$K,(AG$3-1+MIN(MAX(IFERROR(MATCH(LN($AA14),INDEX(Attenuation!$J:$J,AG$3):INDEX(Attenuation!$J:$J,AG$3+AG$4-1),1),1),1),AG$4-1))):INDEX(Attenuation!$K:$K,(AG$3-1+MIN(MAX(IFERROR(MATCH(LN($AA14),INDEX(Attenuation!$J:$J,AG$3):INDEX(Attenuation!$J:$J,AG$3+AG$4-1),1),1),1),AG$4-1))+1),INDEX(Attenuation!$J:$J,(AG$3-1+MIN(MAX(IFERROR(MATCH(LN($AA14),INDEX(Attenuation!$J:$J,AG$3):INDEX(Attenuation!$J:$J,AG$3+AG$4-1),1),1),1),AG$4-1))):INDEX(Attenuation!$J:$J,(AG$3-1+MIN(MAX(IFERROR(MATCH(LN($AA14),INDEX(Attenuation!$J:$J,AG$3):INDEX(Attenuation!$J:$J,AG$3+AG$4-1),1),1),1),AG$4-1))+1))))) -> 0.69304792 | AH14: =IF($B$11="",NA(),IF(OR($AA14<AH$5/2,$AA14>2*AH$6),NA(),EXP(FORECAST(LN($AA14),INDEX(Attenuation!$K:$K,(AH$3-1+MIN(MAX(IFERROR(MATCH(LN($AA14),INDEX(Attenuation!$J:$J,AH$3):INDEX(Attenuation!$J:$J,AH$3+AH$4-1),1),1),1),AH$4-1))):INDEX(Attenuation!$K:$K,(AH$3-1+MIN(MAX(IFERROR(MATCH(LN($AA14),INDEX(Attenuation!$J:$J,AH$3):INDEX(Attenuation!$J:$J,AH$3+AH$4-1),1),1),1),AH$4-1))+1),INDEX(Attenuation!$J:$J,(AH$3-1+MIN(MAX(IFERROR(MATCH(LN($AA14),INDEX(Attenuation!$J:$J,AH$3):INDEX(Attenuation!$J:$J,AH$3+AH$4-1),1),1),1),AH$4-1))):INDEX(Attenuation!$J:$J,(AH$3-1+MIN(MAX(IFERROR(MATCH(LN($AA14),INDEX(Attenuation!$J:$J,AH$3):INDEX(Attenuation!$J:$J,AH$3+AH$4-1),1),1),1),AH$4-1))+1))))) -> 0.33532779 | AI14: =IF($B$12="",NA(),IF(OR($AA14<AI$5/2,$AA14>2*AI$6),NA(),EXP(FORECAST(LN($AA14),INDEX(Attenuation!$K:$K,(AI$3-1+MIN(MAX(IFERROR(MATCH(LN($AA14),INDEX(Attenuation!$J:$J,AI$3):INDEX(Attenuation!$J:$J,AI$3+AI$4-1),1),1),1),AI$4-1))):INDEX(Attenuation!$K:$K,(AI$3-1+MIN(MAX(IFERROR(MATCH(LN($AA14),INDEX(Attenuation!$J:$J,AI$3):INDEX(Attenuation!$J:$J,AI$3+AI$4-1),1),1),1),AI$4-1))+1),INDEX(Attenuation!$J:$J,(AI$3-1+MIN(MAX(IFERROR(MATCH(LN($AA14),INDEX(Attenuation!$J:$J,AI$3):INDEX(Attenuation!$J:$J,AI$3+AI$4-1),1),1),1),AI$4-1))):INDEX(Attenuation!$J:$J,(AI$3-1+MIN(MAX(IFERROR(MATCH(LN($AA14),INDEX(Attenuation!$J:$J,AI$3):INDEX(Attenuation!$J:$J,AI$3+AI$4-1),1),1),1),AI$4-1))+1))))) -> 0.18278
AA15: =10^(5/10) -> 3.1622777 | AB15: =IF($B$5="",NA(),IF(OR($AA15<AB$5/2,$AA15>2*AB$6),NA(),EXP(FORECAST(LN($AA15),INDEX(Attenuation!$K:$K,(AB$3-1+MIN(MAX(IFERROR(MATCH(LN($AA15),INDEX(Attenuation!$J:$J,AB$3):INDEX(Attenuation!$J:$J,AB$3+AB$4-1),1),1),1),AB$4-1))):INDEX(Attenuation!$K:$K,(AB$3-1+MIN(MAX(IFERROR(MATCH(LN($AA15),INDEX(Attenuation!$J:$J,AB$3):INDEX(Attenuation!$J:$J,AB$3+AB$4-1),1),1),1),AB$4-1))+1),INDEX(Attenuation!$J:$J,(AB$3-1+MIN(MAX(IFERROR(MATCH(LN($AA15),INDEX(Attenuation!$J:$J,AB$3):INDEX(Attenuation!$J:$J,AB$3+AB$4-1),1),1),1),AB$4-1))):INDEX(Attenuation!$J:$J,(AB$3-1+MIN(MAX(IFERROR(MATCH(LN($AA15),INDEX(Attenuation!$J:$J,AB$3):INDEX(Attenuation!$J:$J,AB$3+AB$4-1),1),1),1),AB$4-1))+1))))) -> 2.5413277 | AC15: =IF($B$6="",NA(),IF(OR($AA15<AC$5/2,$AA15>2*AC$6),NA(),EXP(FORECAST(LN($AA15),INDEX(Attenuation!$K:$K,(AC$3-1+MIN(MAX(IFERROR(MATCH(LN($AA15),INDEX(Attenuation!$J:$J,AC$3):INDEX(Attenuation!$J:$J,AC$3+AC$4-1),1),1),1),AC$4-1))):INDEX(Attenuation!$K:$K,(AC$3-1+MIN(MAX(IFERROR(MATCH(LN($AA15),INDEX(Attenuation!$J:$J,AC$3):INDEX(Attenuation!$J:$J,AC$3+AC$4-1),1),1),1),AC$4-1))+1),INDEX(Attenuation!$J:$J,(AC$3-1+MIN(MAX(IFERROR(MATCH(LN($AA15),INDEX(Attenuation!$J:$J,AC$3):INDEX(Attenuation!$J:$J,AC$3+AC$4-1),1),1),1),AC$4-1))):INDEX(Attenuation!$J:$J,(AC$3-1+MIN(MAX(IFERROR(MATCH(LN($AA15),INDEX(Attenuation!$J:$J,AC$3):INDEX(Attenuation!$J:$J,AC$3+AC$4-1),1),1),1),AC$4-1))+1))))) -> 1.7047744 | AD15: =IF($B$7="",NA(),IF(OR($AA15<AD$5/2,$AA15>2*AD$6),NA(),EXP(FORECAST(LN($AA15),INDEX(Attenuation!$K:$K,(AD$3-1+MIN(MAX(IFERROR(MATCH(LN($AA15),INDEX(Attenuation!$J:$J,AD$3):INDEX(Attenuation!$J:$J,AD$3+AD$4-1),1),1),1),AD$4-1))):INDEX(Attenuation!$K:$K,(AD$3-1+MIN(MAX(IFERROR(MATCH(LN($AA15),INDEX(Attenuation!$J:$J,AD$3):INDEX(Attenuation!$J:$J,AD$3+AD$4-1),1),1),1),AD$4-1))+1),INDEX(Attenuation!$J:$J,(AD$3-1+MIN(MAX(IFERROR(MATCH(LN($AA15),INDEX(Attenuation!$J:$J,AD$3):INDEX(Attenuation!$J:$J,AD$3+AD$4-1),1),1),1),AD$4-1))):INDEX(Attenuation!$J:$J,(AD$3-1+MIN(MAX(IFERROR(MATCH(LN($AA15),INDEX(Attenuation!$J:$J,AD$3):INDEX(Attenuation!$J:$J,AD$3+AD$4-1),1),1),1),AD$4-1))+1))))) -> 1.0032077 | AE15: =IF($B$8="",NA(),IF(OR($AA15<AE$5/2,$AA15>2*AE$6),NA(),EXP(FORECAST(LN($AA15),INDEX(Attenuation!$K:$K,(AE$3-1+MIN(MAX(IFERROR(MATCH(LN($AA15),INDEX(Attenuation!$J:$J,AE$3):INDEX(Attenuation!$J:$J,AE$3+AE$4-1),1),1),1),AE$4-1))):INDEX(Attenuation!$K:$K,(AE$3-1+MIN(MAX(IFERROR(MATCH(LN($AA15),INDEX(Attenuation!$J:$J,AE$3):INDEX(Attenuation!$J:$J,AE$3+AE$4-1),1),1),1),AE$4-1))+1),INDEX(Attenuation!$J:$J,(AE$3-1+MIN(MAX(IFERROR(MATCH(LN($AA15),INDEX(Attenuation!$J:$J,AE$3):INDEX(Attenuation!$J:$J,AE$3+AE$4-1),1),1),1),AE$4-1))):INDEX(Attenuation!$J:$J,(AE$3-1+MIN(MAX(IFERROR(MATCH(LN($AA15),INDEX(Attenuation!$J:$J,AE$3):INDEX(Attenuation!$J:$J,AE$3+AE$4-1),1),1),1),AE$4-1))+1))))) -> #N/A | AF15: =IF($B$9="",NA(),IF(OR($AA15<AF$5/2,$AA15>2*AF$6),NA(),EXP(FORECAST(LN($AA15),INDEX(Attenuation!$K:$K,(AF$3-1+MIN(MAX(IFERROR(MATCH(LN($AA15),INDEX(Attenuation!$J:$J,AF$3):INDEX(Attenuation!$J:$J,AF$3+AF$4-1),1),1),1),AF$4-1))):INDEX(Attenuation!$K:$K,(AF$3-1+MIN(MAX(IFERROR(MATCH(LN($AA15),INDEX(Attenuation!$J:$J,AF$3):INDEX(Attenuation!$J:$J,AF$3+AF$4-1),1),1),1),AF$4-1))+1),INDEX(Attenuation!$J:$J,(AF$3-1+MIN(MAX(IFERROR(MATCH(LN($AA15),INDEX(Attenuation!$J:$J,AF$3):INDEX(Attenuation!$J:$J,AF$3+AF$4-1),1),1),1),AF$4-1))):INDEX(Attenuation!$J:$J,(AF$3-1+MIN(MAX(IFERROR(MATCH(LN($AA15),INDEX(Attenuation!$J:$J,AF$3):INDEX(Attenuation!$J:$J,AF$3+AF$4-1),1),1),1),AF$4-1))+1))))) -> 0.96652314 | AG15: =IF($B$10="",NA(),IF(OR($AA15<AG$5/2,$AA15>2*AG$6),NA(),EXP(FORECAST(LN($AA15),INDEX(Attenuation!$K:$K,(AG$3-1+MIN(MAX(IFERROR(MATCH(LN($AA15),INDEX(Attenuation!$J:$J,AG$3):INDEX(Attenuation!$J:$J,AG$3+AG$4-1),1),1),1),AG$4-1))):INDEX(Attenuation!$K:$K,(AG$3-1+MIN(MAX(IFERROR(MATCH(LN($AA15),INDEX(Attenuation!$J:$J,AG$3):INDEX(Attenuation!$J:$J,AG$3+AG$4-1),1),1),1),AG$4-1))+1),INDEX(Attenuation!$J:$J,(AG$3-1+MIN(MAX(IFERROR(MATCH(LN($AA15),INDEX(Attenuation!$J:$J,AG$3):INDEX(Attenuation!$J:$J,AG$3+AG$4-1),1),1),1),AG$4-1))):INDEX(Attenuation!$J:$J,(AG$3-1+MIN(MAX(IFERROR(MATCH(LN($AA15),INDEX(Attenuation!$J:$J,AG$3):INDEX(Attenuation!$J:$J,AG$3+AG$4-1),1),1),1),AG$4-1))+1))))) -> 0.76564115 | AH15: =IF($B$11="",NA(),IF(OR($AA15<AH$5/2,$AA15>2*AH$6),NA(),EXP(FORECAST(LN($AA15),INDEX(Attenuation!$K:$K,(AH$3-1+MIN(MAX(IFERROR(MATCH(LN($AA15),INDEX(Attenuation!$J:$J,AH$3):INDEX(Attenuation!$J:$J,AH$3+AH$4-1),1),1),1),AH$4-1))):INDEX(Attenuation!$K:$K,(AH$3-1+MIN(MAX(IFERROR(MATCH(LN($AA15),INDEX(Attenuation!$J:$J,AH$3):INDEX(Attenuation!$J:$J,AH$3+AH$4-1),1),1),1),AH$4-1))+1),INDEX(Attenuation!$J:$J,(AH$3-1+MIN(MAX(IFERROR(MATCH(LN($AA15),INDEX(Attenuation!$J:$J,AH$3):INDEX(Attenuation!$J:$J,AH$3+AH$4-1),1),1),1),AH$4-1))):INDEX(Attenuation!$J:$J,(AH$3-1+MIN(MAX(IFERROR(MATCH(LN($AA15),INDEX(Attenuation!$J:$J,AH$3):INDEX(Attenuation!$J:$J,AH$3+AH$4-1),1),1),1),AH$4-1))+1))))) -> 0.37651837 | AI15: =IF($B$12="",NA(),IF(OR($AA15<AI$5/2,$AA15>2*AI$6),NA(),EXP(FORECAST(LN($AA15),INDEX(Attenuation!$K:$K,(AI$3-1+MIN(MAX(IFERROR(MATCH(LN($AA15),INDEX(Attenuation!$J:$J,AI$3):INDEX(Attenuation!$J:$J,AI$3+AI$4-1),1),1),1),AI$4-1))):INDEX(Attenuation!$K:$K,(AI$3-1+MIN(MAX(IFERROR(MATCH(LN($AA15),INDEX(Attenuation!$J:$J,AI$3):INDEX(Attenuation!$J:$J,AI$3+AI$4-1),1),1),1),AI$4-1))+1),INDEX(Attenuation!$J:$J,(AI$3-1+MIN(MAX(IFERROR(MATCH(LN($AA15),INDEX(Attenuation!$J:$J,AI$3):INDEX(Attenuation!$J:$J,AI$3+AI$4-1),1),1),1),AI$4-1))):INDEX(Attenuation!$J:$J,(AI$3-1+MIN(MAX(IFERROR(MATCH(LN($AA15),INDEX(Attenuation!$J:$J,AI$3):INDEX(Attenuation!$J:$J,AI$3+AI$4-1),1),1),1),AI$4-1))+1))))) -> 0.20520475
AA16: =10^(6/10) -> 3.9810717 | AB16: =IF($B$5="",NA(),IF(OR($AA16<AB$5/2,$AA16>2*AB$6),NA(),EXP(FORECAST(LN($AA16),INDEX(Attenuation!$K:$K,(AB$3-1+MIN(MAX(IFERROR(MATCH(LN($AA16),INDEX(Attenuation!$J:$J,AB$3):INDEX(Attenuation!$J:$J,AB$3+AB$4-1),1),1),1),AB$4-1))):INDEX(Attenuation!$K:$K,(AB$3-1+MIN(MAX(IFERROR(MATCH(LN($AA16),INDEX(Attenuation!$J:$J,AB$3):INDEX(Attenuation!$J:$J,AB$3+AB$4-1),1),1),1),AB$4-1))+1),INDEX(Attenuation!$J:$J,(AB$3-1+MIN(MAX(IFERROR(MATCH(LN($AA16),INDEX(Attenuation!$J:$J,AB$3):INDEX(Attenuation!$J:$J,AB$3+AB$4-1),1),1),1),AB$4-1))):INDEX(Attenuation!$J:$J,(AB$3-1+MIN(MAX(IFERROR(MATCH(LN($AA16),INDEX(Attenuation!$J:$J,AB$3):INDEX(Attenuation!$J:$J,AB$3+AB$4-1),1),1),1),AB$4-1))+1))))) -> 2.9004394 | AC16: =IF($B$6="",NA(),IF(OR($AA16<AC$5/2,$AA16>2*AC$6),NA(),EXP(FORECAST(LN($AA16),INDEX(Attenuation!$K:$K,(AC$3-1+MIN(MAX(IFERROR(MATCH(LN($AA16),INDEX(Attenuation!$J:$J,AC$3):INDEX(Attenuation!$J:$J,AC$3+AC$4-1),1),1),1),AC$4-1))):INDEX(Attenuation!$K:$K,(AC$3-1+MIN(MAX(IFERROR(MATCH(LN($AA16),INDEX(Attenuation!$J:$J,AC$3):INDEX(Attenuation!$J:$J,AC$3+AC$4-1),1),1),1),AC$4-1))+1),INDEX(Attenuation!$J:$J,(AC$3-1+MIN(MAX(IFERROR(MATCH(LN($AA16),INDEX(Attenuation!$J:$J,AC$3):INDEX(Attenuation!$J:$J,AC$3+AC$4-1),1),1),1),AC$4-1))):INDEX(Attenuation!$J:$J,(AC$3-1+MIN(MAX(IFERROR(MATCH(LN($AA16),INDEX(Attenuation!$J:$J,AC$3):INDEX(Attenuation!$J:$J,AC$3+AC$4-1),1),1),1),AC$4-1))+1))))) -> 1.9027382 | AD16: =IF($B$7="",NA(),IF(OR($AA16<AD$5/2,$AA16>2*AD$6),NA(),EXP(FORECAST(LN($AA16),INDEX(Attenuation!$K:$K,(AD$3-1+MIN(MAX(IFERROR(MATCH(LN($AA16),INDEX(Attenuation!$J:$J,AD$3):INDEX(Attenuation!$J:$J,AD$3+AD$4-1),1),1),1),AD$4-1))):INDEX(Attenuation!$K:$K,(AD$3-1+MIN(MAX(IFERROR(MATCH(LN($AA16),INDEX(Attenuation!$J:$J,AD$3):INDEX(Attenuation!$J:$J,AD$3+AD$4-1),1),1),1),AD$4-1))+1),INDEX(Attenuation!$J:$J,(AD$3-1+MIN(MAX(IFERROR(MATCH(LN($AA16),INDEX(Attenuation!$J:$J,AD$3):INDEX(Attenuation!$J:$J,AD$3+AD$4-1),1),1),1),AD$4-1))):INDEX(Attenuation!$J:$J,(AD$3-1+MIN(MAX(IFERROR(MATCH(LN($AA16),INDEX(Attenuation!$J:$J,AD$3):INDEX(Attenuation!$J:$J,AD$3+AD$4-1),1),1),1),AD$4-1))+1))))) -> 1.1281899 | AE16: =IF($B$8="",NA(),IF(OR($AA16<AE$5/2,$AA16>2*AE$6),NA(),EXP(FORECAST(LN($AA16),INDEX(Attenuation!$K:$K,(AE$3-1+MIN(MAX(IFERROR(MATCH(LN($AA16),INDEX(Attenuation!$J:$J,AE$3):INDEX(Attenuation!$J:$J,AE$3+AE$4-1),1),1),1),AE$4-1))):INDEX(Attenuation!$K:$K,(AE$3-1+MIN(MAX(IFERROR(MATCH(LN($AA16),INDEX(Attenuation!$J:$J,AE$3):INDEX(Attenuation!$J:$J,AE$3+AE$4-1),1),1),1),AE$4-1))+1),INDEX(Attenuation!$J:$J,(AE$3-1+MIN(MAX(IFERROR(MATCH(LN($AA16),INDEX(Attenuation!$J:$J,AE$3):INDEX(Attenuation!$J:$J,AE$3+AE$4-1),1),1),1),AE$4-1))):INDEX(Attenuation!$J:$J,(AE$3-1+MIN(MAX(IFERROR(MATCH(LN($AA16),INDEX(Attenuation!$J:$J,AE$3):INDEX(Attenuation!$J:$J,AE$3+AE$4-1),1),1),1),AE$4-1))+1))))) -> #N/A | AF16: =IF($B$9="",NA(),IF(OR($AA16<AF$5/2,$AA16>2*AF$6),NA(),EXP(FORECAST(LN($AA16),INDEX(Attenuation!$K:$K,(AF$3-1+MIN(MAX(IFERROR(MATCH(LN($AA16),INDEX(Attenuation!$J:$J,AF$3):INDEX(Attenuation!$J:$J,AF$3+AF$4-1),1),1),1),AF$4-1))):INDEX(Attenuation!$K:$K,(AF$3-1+MIN(MAX(IFERROR(MATCH(LN($AA16),INDEX(Attenuation!$J:$J,AF$3):INDEX(Attenuation!$J:$J,AF$3+AF$4-1),1),1),1),AF$4-1))+1),INDEX(Attenuation!$J:$J,(AF$3-1+MIN(MAX(IFERROR(MATCH(LN($AA16),INDEX(Attenuation!$J:$J,AF$3):INDEX(Attenuation!$J:$J,AF$3+AF$4-1),1),1),1),AF$4-1))):INDEX(Attenuation!$J:$J,(AF$3-1+MIN(MAX(IFERROR(MATCH(LN($AA16),INDEX(Attenuation!$J:$J,AF$3):INDEX(Attenuation!$J:$J,AF$3+AF$4-1),1),1),1),AF$4-1))+1))))) -> 1.0178665 | AG16: =IF($B$10="",NA(),IF(OR($AA16<AG$5/2,$AA16>2*AG$6),NA(),EXP(FORECAST(LN($AA16),INDEX(Attenuation!$K:$K,(AG$3-1+MIN(MAX(IFERROR(MATCH(LN($AA16),INDEX(Attenuation!$J:$J,AG$3):INDEX(Attenuation!$J:$J,AG$3+AG$4-1),1),1),1),AG$4-1))):INDEX(Attenuation!$K:$K,(AG$3-1+MIN(MAX(IFERROR(MATCH(LN($AA16),INDEX(Attenuation!$J:$J,AG$3):INDEX(Attenuation!$J:$J,AG$3+AG$4-1),1),1),1),AG$4-1))+1),INDEX(Attenuation!$J:$J,(AG$3-1+MIN(MAX(IFERROR(MATCH(LN($AA16),INDEX(Attenuation!$J:$J,AG$3):INDEX(Attenuation!$J:$J,AG$3+AG$4-1),1),1),1),AG$4-1))):INDEX(Attenuation!$J:$J,(AG$3-1+MIN(MAX(IFERROR(MATCH(LN($AA16),INDEX(Attenuation!$J:$J,AG$3):INDEX(Attenuation!$J:$J,AG$3+AG$4-1),1),1),1),AG$4-1))+1))))) -> 0.83386559 | AH16: =IF($B$11="",NA(),IF(OR($AA16<AH$5/2,$AA16>2*AH$6),NA(),EXP(FORECAST(LN($AA16),INDEX(Attenuation!$K:$K,(AH$3-1+MIN(MAX(IFERROR(MATCH(LN($AA16),INDEX(Attenuation!$J:$J,AH$3):INDEX(Attenuation!$J:$J,AH$3+AH$4-1),1),1),1),AH$4-1))):INDEX(Attenuation!$K:$K,(AH$3-1+MIN(MAX(IFERROR(MATCH(LN($AA16),INDEX(Attenuation!$J:$J,AH$3):INDEX(Attenuation!$J:$J,AH$3+AH$4-1),1),1),1),AH$4-1))+1),INDEX(Attenuation!$J:$J,(AH$3-1+MIN(MAX(IFERROR(MATCH(LN($AA16),INDEX(Attenuation!$J:$J,AH$3):INDEX(Attenuation!$J:$J,AH$3+AH$4-1),1),1),1),AH$4-1))):INDEX(Attenuation!$J:$J,(AH$3-1+MIN(MAX(IFERROR(MATCH(LN($AA16),INDEX(Attenuation!$J:$J,AH$3):INDEX(Attenuation!$J:$J,AH$3+AH$4-1),1),1),1),AH$4-1))+1))))) -> 0.42276867 | AI16: =IF($B$12="",NA(),IF(OR($AA16<AI$5/2,$AA16>2*AI$6),NA(),EXP(FORECAST(LN($AA16),INDEX(Attenuation!$K:$K,(AI$3-1+MIN(MAX(IFERROR(MATCH(LN($AA16),INDEX(Attenuation!$J:$J,AI$3):INDEX(Attenuation!$J:$J,AI$3+AI$4-1),1),1),1),AI$4-1))):INDEX(Attenuation!$K:$K,(AI$3-1+MIN(MAX(IFERROR(MATCH(LN($AA16),INDEX(Attenuation!$J:$J,AI$3):INDEX(Attenuation!$J:$J,AI$3+AI$4-1),1),1),1),AI$4-1))+1),INDEX(Attenuation!$J:$J,(AI$3-1+MIN(MAX(IFERROR(MATCH(LN($AA16),INDEX(Attenuation!$J:$J,AI$3):INDEX(Attenuation!$J:$J,AI$3+AI$4-1),1),1),1),AI$4-1))):INDEX(Attenuation!$J:$J,(AI$3-1+MIN(MAX(IFERROR(MATCH(LN($AA16),INDEX(Attenuation!$J:$J,AI$3):INDEX(Attenuation!$J:$J,AI$3+AI$4-1),1),1),1),AI$4-1))+1))))) -> 0.23038073
AA17: =10^(7/10) -> 5.0118723 | AB17: =IF($B$5="",NA(),IF(OR($AA17<AB$5/2,$AA17>2*AB$6),NA(),EXP(FORECAST(LN($AA17),INDEX(Attenuation!$K:$K,(AB$3-1+MIN(MAX(IFERROR(MATCH(LN($AA17),INDEX(Attenuation!$J:$J,AB$3):INDEX(Attenuation!$J:$J,AB$3+AB$4-1),1),1),1),AB$4-1))):INDEX(Attenuation!$K:$K,(AB$3-1+MIN(MAX(IFERROR(MATCH(LN($AA17),INDEX(Attenuation!$J:$J,AB$3):INDEX(Attenuation!$J:$J,AB$3+AB$4-1),1),1),1),AB$4-1))+1),INDEX(Attenuation!$J:$J,(AB$3-1+MIN(MAX(IFERROR(MATCH(LN($AA17),INDEX(Attenuation!$J:$J,AB$3):INDEX(Attenuation!$J:$J,AB$3+AB$4-1),1),1),1),AB$4-1))):INDEX(Attenuation!$J:$J,(AB$3-1+MIN(MAX(IFERROR(MATCH(LN($AA17),INDEX(Attenuation!$J:$J,AB$3):INDEX(Attenuation!$J:$J,AB$3+AB$4-1),1),1),1),AB$4-1))+1))))) -> 3.3102967 | AC17: =IF($B$6="",NA(),IF(OR($AA17<AC$5/2,$AA17>2*AC$6),NA(),EXP(FORECAST(LN($AA17),INDEX(Attenuation!$K:$K,(AC$3-1+MIN(MAX(IFERROR(MATCH(LN($AA17),INDEX(Attenuation!$J:$J,AC$3):INDEX(Attenuation!$J:$J,AC$3+AC$4-1),1),1),1),AC$4-1))):INDEX(Attenuation!$K:$K,(AC$3-1+MIN(MAX(IFERROR(MATCH(LN($AA17),INDEX(Attenuation!$J:$J,AC$3):INDEX(Attenuation!$J:$J,AC$3+AC$4-1),1),1),1),AC$4-1))+1),INDEX(Attenuation!$J:$J,(AC$3-1+MIN(MAX(IFERROR(MATCH(LN($AA17),INDEX(Attenuation!$J:$J,AC$3):INDEX(Attenuation!$J:$J,AC$3+AC$4-1),1),1),1),AC$4-1))):INDEX(Attenuation!$J:$J,(AC$3-1+MIN(MAX(IFERROR(MATCH(LN($AA17),INDEX(Attenuation!$J:$J,AC$3):INDEX(Attenuation!$J:$J,AC$3+AC$4-1),1),1),1),AC$4-1))+1))))) -> 2.1236902 | AD17: =IF($B$7="",NA(),IF(OR($AA17<AD$5/2,$AA17>2*AD$6),NA(),EXP(FORECAST(LN($AA17),INDEX(Attenuation!$K:$K,(AD$3-1+MIN(MAX(IFERROR(MATCH(LN($AA17),INDEX(Attenuation!$J:$J,AD$3):INDEX(Attenuation!$J:$J,AD$3+AD$4-1),1),1),1),AD$4-1))):INDEX(Attenuation!$K:$K,(AD$3-1+MIN(MAX(IFERROR(MATCH(LN($AA17),INDEX(Attenuation!$J:$J,AD$3):INDEX(Attenuation!$J:$J,AD$3+AD$4-1),1),1),1),AD$4-1))+1),INDEX(Attenuation!$J:$J,(AD$3-1+MIN(MAX(IFERROR(MATCH(LN($AA17),INDEX(Attenuation!$J:$J,AD$3):INDEX(Attenuation!$J:$J,AD$3+AD$4-1),1),1),1),AD$4-1))):INDEX(Attenuation!$J:$J,(AD$3-1+MIN(MAX(IFERROR(MATCH(LN($AA17),INDEX(Attenuation!$J:$J,AD$3):INDEX(Attenuation!$J:$J,AD$3+AD$4-1),1),1),1),AD$4-1))+1))))) -> 1.2687428 | AE17: =IF($B$8="",NA(),IF(OR($AA17<AE$5/2,$AA17>2*AE$6),NA(),EXP(FORECAST(LN($AA17),INDEX(Attenuation!$K:$K,(AE$3-1+MIN(MAX(IFERROR(MATCH(LN($AA17),INDEX(Attenuation!$J:$J,AE$3):INDEX(Attenuation!$J:$J,AE$3+AE$4-1),1),1),1),AE$4-1))):INDEX(Attenuation!$K:$K,(AE$3-1+MIN(MAX(IFERROR(MATCH(LN($AA17),INDEX(Attenuation!$J:$J,AE$3):INDEX(Attenuation!$J:$J,AE$3+AE$4-1),1),1),1),AE$4-1))+1),INDEX(Attenuation!$J:$J,(AE$3-1+MIN(MAX(IFERROR(MATCH(LN($AA17),INDEX(Attenuation!$J:$J,AE$3):INDEX(Attenuation!$J:$J,AE$3+AE$4-1),1),1),1),AE$4-1))):INDEX(Attenuation!$J:$J,(AE$3-1+MIN(MAX(IFERROR(MATCH(LN($AA17),INDEX(Attenuation!$J:$J,AE$3):INDEX(Attenuation!$J:$J,AE$3+AE$4-1),1),1),1),AE$4-1))+1))))) -> #N/A | AF17: =IF($B$9="",NA(),IF(OR($AA17<AF$5/2,$AA17>2*AF$6),NA(),EXP(FORECAST(LN($AA17),INDEX(Attenuation!$K:$K,(AF$3-1+MIN(MAX(IFERROR(MATCH(LN($AA17),INDEX(Attenuation!$J:$J,AF$3):INDEX(Attenuation!$J:$J,AF$3+AF$4-1),1),1),1),AF$4-1))):INDEX(Attenuation!$K:$K,(AF$3-1+MIN(MAX(IFERROR(MATCH(LN($AA17),INDEX(Attenuation!$J:$J,AF$3):INDEX(Attenuation!$J:$J,AF$3+AF$4-1),1),1),1),AF$4-1))+1),INDEX(Attenuation!$J:$J,(AF$3-1+MIN(MAX(IFERROR(MATCH(LN($AA17),INDEX(Attenuation!$J:$J,AF$3):INDEX(Attenuation!$J:$J,AF$3+AF$4-1),1),1),1),AF$4-1))):INDEX(Attenuation!$J:$J,(AF$3-1+MIN(MAX(IFERROR(MATCH(LN($AA17),INDEX(Attenuation!$J:$J,AF$3):INDEX(Attenuation!$J:$J,AF$3+AF$4-1),1),1),1),AF$4-1))+1))))) -> 1.0506092 | AG17: =IF($B$10="",NA(),IF(OR($AA17<AG$5/2,$AA17>2*AG$6),NA(),EXP(FORECAST(LN($AA17),INDEX(Attenuation!$K:$K,(AG$3-1+MIN(MAX(IFERROR(MATCH(LN($AA17),INDEX(Attenuation!$J:$J,AG$3):INDEX(Attenuation!$J:$J,AG$3+AG$4-1),1),1),1),AG$4-1))):INDEX(Attenuation!$K:$K,(AG$3-1+MIN(MAX(IFERROR(MATCH(LN($AA17),INDEX(Attenuation!$J:$J,AG$3):INDEX(Attenuation!$J:$J,AG$3+AG$4-1),1),1),1),AG$4-1))+1),INDEX(Attenuation!$J:$J,(AG$3-1+MIN(MAX(IFERROR(MATCH(LN($AA17),INDEX(Attenuation!$J:$J,AG$3):INDEX(Attenuation!$J:$J,AG$3+AG$4-1),1),1),1),AG$4-1))):INDEX(Attenuation!$J:$J,(AG$3-1+MIN(MAX(IFERROR(MATCH(LN($AA17),INDEX(Attenuation!$J:$J,AG$3):INDEX(Attenuation!$J:$J,AG$3+AG$4-1),1),1),1),AG$4-1))+1))))) -> 0.8980259 | AH17: =IF($B$11="",NA(),IF(OR($AA17<AH$5/2,$AA17>2*AH$6),NA(),EXP(FORECAST(LN($AA17),INDEX(Attenuation!$K:$K,(AH$3-1+MIN(MAX(IFERROR(MATCH(LN($AA17),INDEX(Attenuation!$J:$J,AH$3):INDEX(Attenuation!$J:$J,AH$3+AH$4-1),1),1),1),AH$4-1))):INDEX(Attenuation!$K:$K,(AH$3-1+MIN(MAX(IFERROR(MATCH(LN($AA17),INDEX(Attenuation!$J:$J,AH$3):INDEX(Attenuation!$J:$J,AH$3+AH$4-1),1),1),1),AH$4-1))+1),INDEX(Attenuation!$J:$J,(AH$3-1+MIN(MAX(IFERROR(MATCH(LN($AA17),INDEX(Attenuation!$J:$J,AH$3):INDEX(Attenuation!$J:$J,AH$3+AH$4-1),1),1),1),AH$4-1))):INDEX(Attenuation!$J:$J,(AH$3-1+MIN(MAX(IFERROR(MATCH(LN($AA17),INDEX(Attenuation!$J:$J,AH$3):INDEX(Attenuation!$J:$J,AH$3+AH$4-1),1),1),1),AH$4-1))+1))))) -> 0.4747002 | AI17: =IF($B$12="",NA(),IF(OR($AA17<AI$5/2,$AA17>2*AI$6),NA(),EXP(FORECAST(LN($AA17),INDEX(Attenuation!$K:$K,(AI$3-1+MIN(MAX(IFERROR(MATCH(LN($AA17),INDEX(Attenuation!$J:$J,AI$3):INDEX(Attenuation!$J:$J,AI$3+AI$4-1),1),1),1),AI$4-1))):INDEX(Attenuation!$K:$K,(AI$3-1+MIN(MAX(IFERROR(MATCH(LN($AA17),INDEX(Attenuation!$J:$J,AI$3):INDEX(Attenuation!$J:$J,AI$3+AI$4-1),1),1),1),AI$4-1))+1),INDEX(Attenuation!$J:$J,(AI$3-1+MIN(MAX(IFERROR(MATCH(LN($AA17),INDEX(Attenuation!$J:$J,AI$3):INDEX(Attenuation!$J:$J,AI$3+AI$4-1),1),1),1),AI$4-1))):INDEX(Attenuation!$J:$J,(AI$3-1+MIN(MAX(IFERROR(MATCH(LN($AA17),INDEX(Attenuation!$J:$J,AI$3):INDEX(Attenuation!$J:$J,AI$3+AI$4-1),1),1),1),AI$4-1))+1))))) -> 0.25864547
AA18: =10^(8/10) -> 6.3095734 | AB18: =IF($B$5="",NA(),IF(OR($AA18<AB$5/2,$AA18>2*AB$6),NA(),EXP(FORECAST(LN($AA18),INDEX(Attenuation!$K:$K,(AB$3-1+MIN(MAX(IFERROR(MATCH(LN($AA18),INDEX(Attenuation!$J:$J,AB$3):INDEX(Attenuation!$J:$J,AB$3+AB$4-1),1),1),1),AB$4-1))):INDEX(Attenuation!$K:$K,(AB$3-1+MIN(MAX(IFERROR(MATCH(LN($AA18),INDEX(Attenuation!$J:$J,AB$3):INDEX(Attenuation!$J:$J,AB$3+AB$4-1),1),1),1),AB$4-1))+1),INDEX(Attenuation!$J:$J,(AB$3-1+MIN(MAX(IFERROR(MATCH(LN($AA18),INDEX(Attenuation!$J:$J,AB$3):INDEX(Attenuation!$J:$J,AB$3+AB$4-1),1),1),1),AB$4-1))):INDEX(Attenuation!$J:$J,(AB$3-1+MIN(MAX(IFERROR(MATCH(LN($AA18),INDEX(Attenuation!$J:$J,AB$3):INDEX(Attenuation!$J:$J,AB$3+AB$4-1),1),1),1),AB$4-1))+1))))) -> 3.7780704 | AC18: =IF($B$6="",NA(),IF(OR($AA18<AC$5/2,$AA18>2*AC$6),NA(),EXP(FORECAST(LN($AA18),INDEX(Attenuation!$K:$K,(AC$3-1+MIN(MAX(IFERROR(MATCH(LN($AA18),INDEX(Attenuation!$J:$J,AC$3):INDEX(Attenuation!$J:$J,AC$3+AC$4-1),1),1),1),AC$4-1))):INDEX(Attenuation!$K:$K,(AC$3-1+MIN(MAX(IFERROR(MATCH(LN($AA18),INDEX(Attenuation!$J:$J,AC$3):INDEX(Attenuation!$J:$J,AC$3+AC$4-1),1),1),1),AC$4-1))+1),INDEX(Attenuation!$J:$J,(AC$3-1+MIN(MAX(IFERROR(MATCH(LN($AA18),INDEX(Attenuation!$J:$J,AC$3):INDEX(Attenuation!$J:$J,AC$3+AC$4-1),1),1),1),AC$4-1))):INDEX(Attenuation!$J:$J,(AC$3-1+MIN(MAX(IFERROR(MATCH(LN($AA18),INDEX(Attenuation!$J:$J,AC$3):INDEX(Attenuation!$J:$J,AC$3+AC$4-1),1),1),1),AC$4-1))+1))))) -> 2.3702999 | AD18: =IF($B$7="",NA(),IF(OR($AA18<AD$5/2,$AA18>2*AD$6),NA(),EXP(FORECAST(LN($AA18),INDEX(Attenuation!$K:$K,(AD$3-1+MIN(MAX(IFERROR(MATCH(LN($AA18),INDEX(Attenuation!$J:$J,AD$3):INDEX(Attenuation!$J:$J,AD$3+AD$4-1),1),1),1),AD$4-1))):INDEX(Attenuation!$K:$K,(AD$3-1+MIN(MAX(IFERROR(MATCH(LN($AA18),INDEX(Attenuation!$J:$J,AD$3):INDEX(Attenuation!$J:$J,AD$3+AD$4-1),1),1),1),AD$4-1))+1),INDEX(Attenuation!$J:$J,(AD$3-1+MIN(MAX(IFERROR(MATCH(LN($AA18),INDEX(Attenuation!$J:$J,AD$3):INDEX(Attenuation!$J:$J,AD$3+AD$4-1),1),1),1),AD$4-1))):INDEX(Attenuation!$J:$J,(AD$3-1+MIN(MAX(IFERROR(MATCH(LN($AA18),INDEX(Attenuation!$J:$J,AD$3):INDEX(Attenuation!$J:$J,AD$3+AD$4-1),1),1),1),AD$4-1))+1))))) -> 1.4268062 | AE18: =IF($B$8="",NA(),IF(OR($AA18<AE$5/2,$AA18>2*AE$6),NA(),EXP(FORECAST(LN($AA18),INDEX(Attenuation!$K:$K,(AE$3-1+MIN(MAX(IFERROR(MATCH(LN($AA18),INDEX(Attenuation!$J:$J,AE$3):INDEX(Attenuation!$J:$J,AE$3+AE$4-1),1),1),1),AE$4-1))):INDEX(Attenuation!$K:$K,(AE$3-1+MIN(MAX(IFERROR(MATCH(LN($AA18),INDEX(Attenuation!$J:$J,AE$3):INDEX(Attenuation!$J:$J,AE$3+AE$4-1),1),1),1),AE$4-1))+1),INDEX(Attenuation!$J:$J,(AE$3-1+MIN(MAX(IFERROR(MATCH(LN($AA18),INDEX(Attenuation!$J:$J,AE$3):INDEX(Attenuation!$J:$J,AE$3+AE$4-1),1),1),1),AE$4-1))):INDEX(Attenuation!$J:$J,(AE$3-1+MIN(MAX(IFERROR(MATCH(LN($AA18),INDEX(Attenuation!$J:$J,AE$3):INDEX(Attenuation!$J:$J,AE$3+AE$4-1),1),1),1),AE$4-1))+1))))) -> #N/A | AF18: =IF($B$9="",NA(),IF(OR($AA18<AF$5/2,$AA18>2*AF$6),NA(),EXP(FORECAST(LN($AA18),INDEX(Attenuation!$K:$K,(AF$3-1+MIN(MAX(IFERROR(MATCH(LN($AA18),INDEX(Attenuation!$J:$J,AF$3):INDEX(Attenuation!$J:$J,AF$3+AF$4-1),1),1),1),AF$4-1))):INDEX(Attenuation!$K:$K,(AF$3-1+MIN(MAX(IFERROR(MATCH(LN($AA18),INDEX(Attenuation!$J:$J,AF$3):INDEX(Attenuation!$J:$J,AF$3+AF$4-1),1),1),1),AF$4-1))+1),INDEX(Attenuation!$J:$J,(AF$3-1+MIN(MAX(IFERROR(MATCH(LN($AA18),INDEX(Attenuation!$J:$J,AF$3):INDEX(Attenuation!$J:$J,AF$3+AF$4-1),1),1),1),AF$4-1))):INDEX(Attenuation!$J:$J,(AF$3-1+MIN(MAX(IFERROR(MATCH(LN($AA18),INDEX(Attenuation!$J:$J,AF$3):INDEX(Attenuation!$J:$J,AF$3+AF$4-1),1),1),1),AF$4-1))+1))))) -> 1.0844051 | AG18: =IF($B$10="",NA(),IF(OR($AA18<AG$5/2,$AA18>2*AG$6),NA(),EXP(FORECAST(LN($AA18),INDEX(Attenuation!$K:$K,(AG$3-1+MIN(MAX(IFERROR(MATCH(LN($AA18),INDEX(Attenuation!$J:$J,AG$3):INDEX(Attenuation!$J:$J,AG$3+AG$4-1),1),1),1),AG$4-1))):INDEX(Attenuation!$K:$K,(AG$3-1+MIN(MAX(IFERROR(MATCH(LN($AA18),INDEX(Attenuation!$J:$J,AG$3):INDEX(Attenuation!$J:$J,AG$3+AG$4-1),1),1),1),AG$4-1))+1),INDEX(Attenuation!$J:$J,(AG$3-1+MIN(MAX(IFERROR(MATCH(LN($AA18),INDEX(Attenuation!$J:$J,AG$3):INDEX(Attenuation!$J:$J,AG$3+AG$4-1),1),1),1),AG$4-1))):INDEX(Attenuation!$J:$J,(AG$3-1+MIN(MAX(IFERROR(MATCH(LN($AA18),INDEX(Attenuation!$J:$J,AG$3):INDEX(Attenuation!$J:$J,AG$3+AG$4-1),1),1),1),AG$4-1))+1))))) -> 0.96712292 | AH18: =IF($B$11="",NA(),IF(OR($AA18<AH$5/2,$AA18>2*AH$6),NA(),EXP(FORECAST(LN($AA18),INDEX(Attenuation!$K:$K,(AH$3-1+MIN(MAX(IFERROR(MATCH(LN($AA18),INDEX(Attenuation!$J:$J,AH$3):INDEX(Attenuation!$J:$J,AH$3+AH$4-1),1),1),1),AH$4-1))):INDEX(Attenuation!$K:$K,(AH$3-1+MIN(MAX(IFERROR(MATCH(LN($AA18),INDEX(Attenuation!$J:$J,AH$3):INDEX(Attenuation!$J:$J,AH$3+AH$4-1),1),1),1),AH$4-1))+1),INDEX(Attenuation!$J:$J,(AH$3-1+MIN(MAX(IFERROR(MATCH(LN($AA18),INDEX(Attenuation!$J:$J,AH$3):INDEX(Attenuation!$J:$J,AH$3+AH$4-1),1),1),1),AH$4-1))):INDEX(Attenuation!$J:$J,(AH$3-1+MIN(MAX(IFERROR(MATCH(LN($AA18),INDEX(Attenuation!$J:$J,AH$3):INDEX(Attenuation!$J:$J,AH$3+AH$4-1),1),1),1),AH$4-1))+1))))) -> 0.53301083 | AI18: =IF($B$12="",NA(),IF(OR($AA18<AI$5/2,$AA18>2*AI$6),NA(),EXP(FORECAST(LN($AA18),INDEX(Attenuation!$K:$K,(AI$3-1+MIN(MAX(IFERROR(MATCH(LN($AA18),INDEX(Attenuation!$J:$J,AI$3):INDEX(Attenuation!$J:$J,AI$3+AI$4-1),1),1),1),AI$4-1))):INDEX(Attenuation!$K:$K,(AI$3-1+MIN(MAX(IFERROR(MATCH(LN($AA18),INDEX(Attenuation!$J:$J,AI$3):INDEX(Attenuation!$J:$J,AI$3+AI$4-1),1),1),1),AI$4-1))+1),INDEX(Attenuation!$J:$J,(AI$3-1+MIN(MAX(IFERROR(MATCH(LN($AA18),INDEX(Attenuation!$J:$J,AI$3):INDEX(Attenuation!$J:$J,AI$3+AI$4-1),1),1),1),AI$4-1))):INDEX(Attenuation!$J:$J,(AI$3-1+MIN(MAX(IFERROR(MATCH(LN($AA18),INDEX(Attenuation!$J:$J,AI$3):INDEX(Attenuation!$J:$J,AI$3+AI$4-1),1),1),1),AI$4-1))+1))))) -> 0.29037794
AA19: =10^(9/10) -> 7.9432823 | AB19: =IF($B$5="",NA(),IF(OR($AA19<AB$5/2,$AA19>2*AB$6),NA(),EXP(FORECAST(LN($AA19),INDEX(Attenuation!$K:$K,(AB$3-1+MIN(MAX(IFERROR(MATCH(LN($AA19),INDEX(Attenuation!$J:$J,AB$3):INDEX(Attenuation!$J:$J,AB$3+AB$4-1),1),1),1),AB$4-1))):INDEX(Attenuation!$K:$K,(AB$3-1+MIN(MAX(IFERROR(MATCH(LN($AA19),INDEX(Attenuation!$J:$J,AB$3):INDEX(Attenuation!$J:$J,AB$3+AB$4-1),1),1),1),AB$4-1))+1),INDEX(Attenuation!$J:$J,(AB$3-1+MIN(MAX(IFERROR(MATCH(LN($AA19),INDEX(Attenuation!$J:$J,AB$3):INDEX(Attenuation!$J:$J,AB$3+AB$4-1),1),1),1),AB$4-1))):INDEX(Attenuation!$J:$J,(AB$3-1+MIN(MAX(IFERROR(MATCH(LN($AA19),INDEX(Attenuation!$J:$J,AB$3):INDEX(Attenuation!$J:$J,AB$3+AB$4-1),1),1),1),AB$4-1))+1))))) -> 4.3119446 | AC19: =IF($B$6="",NA(),IF(OR($AA19<AC$5/2,$AA19>2*AC$6),NA(),EXP(FORECAST(LN($AA19),INDEX(Attenuation!$K:$K,(AC$3-1+MIN(MAX(IFERROR(MATCH(LN($AA19),INDEX(Attenuation!$J:$J,AC$3):INDEX(Attenuation!$J:$J,AC$3+AC$4-1),1),1),1),AC$4-1))):INDEX(Attenuation!$K:$K,(AC$3-1+MIN(MAX(IFERROR(MATCH(LN($AA19),INDEX(Attenuation!$J:$J,AC$3):INDEX(Attenuation!$J:$J,AC$3+AC$4-1),1),1),1),AC$4-1))+1),INDEX(Attenuation!$J:$J,(AC$3-1+MIN(MAX(IFERROR(MATCH(LN($AA19),INDEX(Attenuation!$J:$J,AC$3):INDEX(Attenuation!$J:$J,AC$3+AC$4-1),1),1),1),AC$4-1))):INDEX(Attenuation!$J:$J,(AC$3-1+MIN(MAX(IFERROR(MATCH(LN($AA19),INDEX(Attenuation!$J:$J,AC$3):INDEX(Attenuation!$J:$J,AC$3+AC$4-1),1),1),1),AC$4-1))+1))))) -> 2.6455466 | AD19: =IF($B$7="",NA(),IF(OR($AA19<AD$5/2,$AA19>2*AD$6),NA(),EXP(FORECAST(LN($AA19),INDEX(Attenuation!$K:$K,(AD$3-1+MIN(MAX(IFERROR(MATCH(LN($AA19),INDEX(Attenuation!$J:$J,AD$3):INDEX(Attenuation!$J:$J,AD$3+AD$4-1),1),1),1),AD$4-1))):INDEX(Attenuation!$K:$K,(AD$3-1+MIN(MAX(IFERROR(MATCH(LN($AA19),INDEX(Attenuation!$J:$J,AD$3):INDEX(Attenuation!$J:$J,AD$3+AD$4-1),1),1),1),AD$4-1))+1),INDEX(Attenuation!$J:$J,(AD$3-1+MIN(MAX(IFERROR(MATCH(LN($AA19),INDEX(Attenuation!$J:$J,AD$3):INDEX(Attenuation!$J:$J,AD$3+AD$4-1),1),1),1),AD$4-1))):INDEX(Attenuation!$J:$J,(AD$3-1+MIN(MAX(IFERROR(MATCH(LN($AA19),INDEX(Attenuation!$J:$J,AD$3):INDEX(Attenuation!$J:$J,AD$3+AD$4-1),1),1),1),AD$4-1))+1))))) -> 1.6045614 | AE19: =IF($B$8="",NA(),IF(OR($AA19<AE$5/2,$AA19>2*AE$6),NA(),EXP(FORECAST(LN($AA19),INDEX(Attenuation!$K:$K,(AE$3-1+MIN(MAX(IFERROR(MATCH(LN($AA19),INDEX(Attenuation!$J:$J,AE$3):INDEX(Attenuation!$J:$J,AE$3+AE$4-1),1),1),1),AE$4-1))):INDEX(Attenuation!$K:$K,(AE$3-1+MIN(MAX(IFERROR(MATCH(LN($AA19),INDEX(Attenuation!$J:$J,AE$3):INDEX(Attenuation!$J:$J,AE$3+AE$4-1),1),1),1),AE$4-1))+1),INDEX(Attenuation!$J:$J,(AE$3-1+MIN(MAX(IFERROR(MATCH(LN($AA19),INDEX(Attenuation!$J:$J,AE$3):INDEX(Attenuation!$J:$J,AE$3+AE$4-1),1),1),1),AE$4-1))):INDEX(Attenuation!$J:$J,(AE$3-1+MIN(MAX(IFERROR(MATCH(LN($AA19),INDEX(Attenuation!$J:$J,AE$3):INDEX(Attenuation!$J:$J,AE$3+AE$4-1),1),1),1),AE$4-1))+1))))) -> #N/A | AF19: =IF($B$9="",NA(),IF(OR($AA19<AF$5/2,$AA19>2*AF$6),NA(),EXP(FORECAST(LN($AA19),INDEX(Attenuation!$K:$K,(AF$3-1+MIN(MAX(IFERROR(MATCH(LN($AA19),INDEX(Attenuation!$J:$J,AF$3):INDEX(Attenuation!$J:$J,AF$3+AF$4-1),1),1),1),AF$4-1))):INDEX(Attenuation!$K:$K,(AF$3-1+MIN(MAX(IFERROR(MATCH(LN($AA19),INDEX(Attenuation!$J:$J,AF$3):INDEX(Attenuation!$J:$J,AF$3+AF$4-1),1),1),1),AF$4-1))+1),INDEX(Attenuation!$J:$J,(AF$3-1+MIN(MAX(IFERROR(MATCH(LN($AA19),INDEX(Attenuation!$J:$J,AF$3):INDEX(Attenuation!$J:$J,AF$3+AF$4-1),1),1),1),AF$4-1))):INDEX(Attenuation!$J:$J,(AF$3-1+MIN(MAX(IFERROR(MATCH(LN($AA19),INDEX(Attenuation!$J:$J,AF$3):INDEX(Attenuation!$J:$J,AF$3+AF$4-1),1),1),1),AF$4-1))+1))))) -> 1.1670967 | AG19: =IF($B$10="",NA(),IF(OR($AA19<AG$5/2,$AA19>2*AG$6),NA(),EXP(FORECAST(LN($AA19),INDEX(Attenuation!$K:$K,(AG$3-1+MIN(MAX(IFERROR(MATCH(LN($AA19),INDEX(Attenuation!$J:$J,AG$3):INDEX(Attenuation!$J:$J,AG$3+AG$4-1),1),1),1),AG$4-1))):INDEX(Attenuation!$K:$K,(AG$3-1+MIN(MAX(IFERROR(MATCH(LN($AA19),INDEX(Attenuation!$J:$J,AG$3):INDEX(Attenuation!$J:$J,AG$3+AG$4-1),1),1),1),AG$4-1))+1),INDEX(Attenuation!$J:$J,(AG$3-1+MIN(MAX(IFERROR(MATCH(LN($AA19),INDEX(Attenuation!$J:$J,AG$3):INDEX(Attenuation!$J:$J,AG$3+AG$4-1),1),1),1),AG$4-1))):INDEX(Attenuation!$J:$J,(AG$3-1+MIN(MAX(IFERROR(MATCH(LN($AA19),INDEX(Attenuation!$J:$J,AG$3):INDEX(Attenuation!$J:$J,AG$3+AG$4-1),1),1),1),AG$4-1))+1))))) -> 1.0667539 | AH19: =IF($B$11="",NA(),IF(OR($AA19<AH$5/2,$AA19>2*AH$6),NA(),EXP(FORECAST(LN($AA19),INDEX(Attenuation!$K:$K,(AH$3-1+MIN(MAX(IFERROR(MATCH(LN($AA19),INDEX(Attenuation!$J:$J,AH$3):INDEX(Attenuation!$J:$J,AH$3+AH$4-1),1),1),1),AH$4-1))):INDEX(Attenuation!$K:$K,(AH$3-1+MIN(MAX(IFERROR(MATCH(LN($AA19),INDEX(Attenuation!$J:$J,AH$3):INDEX(Attenuation!$J:$J,AH$3+AH$4-1),1),1),1),AH$4-1))+1),INDEX(Attenuation!$J:$J,(AH$3-1+MIN(MAX(IFERROR(MATCH(LN($AA19),INDEX(Attenuation!$J:$J,AH$3):INDEX(Attenuation!$J:$J,AH$3+AH$4-1),1),1),1),AH$4-1))):INDEX(Attenuation!$J:$J,(AH$3-1+MIN(MAX(IFERROR(MATCH(LN($AA19),INDEX(Attenuation!$J:$J,AH$3):INDEX(Attenuation!$J:$J,AH$3+AH$4-1),1),1),1),AH$4-1))+1))))) -> 0.59848415 | AI19: =IF($B$12="",NA(),IF(OR($AA19<AI$5/2,$AA19>2*AI$6),NA(),EXP(FORECAST(LN($AA19),INDEX(Attenuation!$K:$K,(AI$3-1+MIN(MAX(IFERROR(MATCH(LN($AA19),INDEX(Attenuation!$J:$J,AI$3):INDEX(Attenuation!$J:$J,AI$3+AI$4-1),1),1),1),AI$4-1))):INDEX(Attenuation!$K:$K,(AI$3-1+MIN(MAX(IFERROR(MATCH(LN($AA19),INDEX(Attenuation!$J:$J,AI$3):INDEX(Attenuation!$J:$J,AI$3+AI$4-1),1),1),1),AI$4-1))+1),INDEX(Attenuation!$J:$J,(AI$3-1+MIN(MAX(IFERROR(MATCH(LN($AA19),INDEX(Attenuation!$J:$J,AI$3):INDEX(Attenuation!$J:$J,AI$3+AI$4-1),1),1),1),AI$4-1))):INDEX(Attenuation!$J:$J,(AI$3-1+MIN(MAX(IFERROR(MATCH(LN($AA19),INDEX(Attenuation!$J:$J,AI$3):INDEX(Attenuation!$J:$J,AI$3+AI$4-1),1),1),1),AI$4-1))+1))))) -> 0.32600357
AA20: =10^(10/10) -> 10 | AB20: =IF($B$5="",NA(),IF(OR($AA20<AB$5/2,$AA20>2*AB$6),NA(),EXP(FORECAST(LN($AA20),INDEX(Attenuation!$K:$K,(AB$3-1+MIN(MAX(IFERROR(MATCH(LN($AA20),INDEX(Attenuation!$J:$J,AB$3):INDEX(Attenuation!$J:$J,AB$3+AB$4-1),1),1),1),AB$4-1))):INDEX(Attenuation!$K:$K,(AB$3-1+MIN(MAX(IFERROR(MATCH(LN($AA20),INDEX(Attenuation!$J:$J,AB$3):INDEX(Attenuation!$J:$J,AB$3+AB$4-1),1),1),1),AB$4-1))+1),INDEX(Attenuation!$J:$J,(AB$3-1+MIN(MAX(IFERROR(MATCH(LN($AA20),INDEX(Attenuation!$J:$J,AB$3):INDEX(Attenuation!$J:$J,AB$3+AB$4-1),1),1),1),AB$4-1))):INDEX(Attenuation!$J:$J,(AB$3-1+MIN(MAX(IFERROR(MATCH(LN($AA20),INDEX(Attenuation!$J:$J,AB$3):INDEX(Attenuation!$J:$J,AB$3+AB$4-1),1),1),1),AB$4-1))+1))))) -> 4.9212598 | AC20: =IF($B$6="",NA(),IF(OR($AA20<AC$5/2,$AA20>2*AC$6),NA(),EXP(FORECAST(LN($AA20),INDEX(Attenuation!$K:$K,(AC$3-1+MIN(MAX(IFERROR(MATCH(LN($AA20),INDEX(Attenuation!$J:$J,AC$3):INDEX(Attenuation!$J:$J,AC$3+AC$4-1),1),1),1),AC$4-1))):INDEX(Attenuation!$K:$K,(AC$3-1+MIN(MAX(IFERROR(MATCH(LN($AA20),INDEX(Attenuation!$J:$J,AC$3):INDEX(Attenuation!$J:$J,AC$3+AC$4-1),1),1),1),AC$4-1))+1),INDEX(Attenuation!$J:$J,(AC$3-1+MIN(MAX(IFERROR(MATCH(LN($AA20),INDEX(Attenuation!$J:$J,AC$3):INDEX(Attenuation!$J:$J,AC$3+AC$4-1),1),1),1),AC$4-1))):INDEX(Attenuation!$J:$J,(AC$3-1+MIN(MAX(IFERROR(MATCH(LN($AA20),INDEX(Attenuation!$J:$J,AC$3):INDEX(Attenuation!$J:$J,AC$3+AC$4-1),1),1),1),AC$4-1))+1))))) -> 2.9527559 | AD20: =IF($B$7="",NA(),IF(OR($AA20<AD$5/2,$AA20>2*AD$6),NA(),EXP(FORECAST(LN($AA20),INDEX(Attenuation!$K:$K,(AD$3-1+MIN(MAX(IFERROR(MATCH(LN($AA20),INDEX(Attenuation!$J:$J,AD$3):INDEX(Attenuation!$J:$J,AD$3+AD$4-1),1),1),1),AD$4-1))):INDEX(Attenuation!$K:$K,(AD$3-1+MIN(MAX(IFERROR(MATCH(LN($AA20),INDEX(Attenuation!$J:$J,AD$3):INDEX(Attenuation!$J:$J,AD$3+AD$4-1),1),1),1),AD$4-1))+1),INDEX(Attenuation!$J:$J,(AD$3-1+MIN(MAX(IFERROR(MATCH(LN($AA20),INDEX(Attenuation!$J:$J,AD$3):INDEX(Attenuation!$J:$J,AD$3+AD$4-1),1),1),1),AD$4-1))):INDEX(Attenuation!$J:$J,(AD$3-1+MIN(MAX(IFERROR(MATCH(LN($AA20),INDEX(Attenuation!$J:$J,AD$3):INDEX(Attenuation!$J:$J,AD$3+AD$4-1),1),1),1),AD$4-1))+1))))) -> 1.8044619 | AE20: =IF($B$8="",NA(),IF(OR($AA20<AE$5/2,$AA20>2*AE$6),NA(),EXP(FORECAST(LN($AA20),INDEX(Attenuation!$K:$K,(AE$3-1+MIN(MAX(IFERROR(MATCH(LN($AA20),INDEX(Attenuation!$J:$J,AE$3):INDEX(Attenuation!$J:$J,AE$3+AE$4-1),1),1),1),AE$4-1))):INDEX(Attenuation!$K:$K,(AE$3-1+MIN(MAX(IFERROR(MATCH(LN($AA20),INDEX(Attenuation!$J:$J,AE$3):INDEX(Attenuation!$J:$J,AE$3+AE$4-1),1),1),1),AE$4-1))+1),INDEX(Attenuation!$J:$J,(AE$3-1+MIN(MAX(IFERROR(MATCH(LN($AA20),INDEX(Attenuation!$J:$J,AE$3):INDEX(Attenuation!$J:$J,AE$3+AE$4-1),1),1),1),AE$4-1))):INDEX(Attenuation!$J:$J,(AE$3-1+MIN(MAX(IFERROR(MATCH(LN($AA20),INDEX(Attenuation!$J:$J,AE$3):INDEX(Attenuation!$J:$J,AE$3+AE$4-1),1),1),1),AE$4-1))+1))))) -> #N/A | AF20: =IF($B$9="",NA(),IF(OR($AA20<AF$5/2,$AA20>2*AF$6),NA(),EXP(FORECAST(LN($AA20),INDEX(Attenuation!$K:$K,(AF$3-1+MIN(MAX(IFERROR(MATCH(LN($AA20),INDEX(Attenuation!$J:$J,AF$3):INDEX(Attenuation!$J:$J,AF$3+AF$4-1),1),1),1),AF$4-1))):INDEX(Attenuation!$K:$K,(AF$3-1+MIN(MAX(IFERROR(MATCH(LN($AA20),INDEX(Attenuation!$J:$J,AF$3):INDEX(Attenuation!$J:$J,AF$3+AF$4-1),1),1),1),AF$4-1))+1),INDEX(Attenuation!$J:$J,(AF$3-1+MIN(MAX(IFERROR(MATCH(LN($AA20),INDEX(Attenuation!$J:$J,AF$3):INDEX(Attenuation!$J:$J,AF$3+AF$4-1),1),1),1),AF$4-1))):INDEX(Attenuation!$J:$J,(AF$3-1+MIN(MAX(IFERROR(MATCH(LN($AA20),INDEX(Attenuation!$J:$J,AF$3):INDEX(Attenuation!$J:$J,AF$3+AF$4-1),1),1),1),AF$4-1))+1))))) -> 1.3 | AG20: =IF($B$10="",NA(),IF(OR($AA20<AG$5/2,$AA20>2*AG$6),NA(),EXP(FORECAST(LN($AA20),INDEX(Attenuation!$K:$K,(AG$3-1+MIN(MAX(IFERROR(MATCH(LN($AA20),INDEX(Attenuation!$J:$J,AG$3):INDEX(Attenuation!$J:$J,AG$3+AG$4-1),1),1),1),AG$4-1))):INDEX(Attenuation!$K:$K,(AG$3-1+MIN(MAX(IFERROR(MATCH(LN($AA20),INDEX(Attenuation!$J:$J,AG$3):INDEX(Attenuation!$J:$J,AG$3+AG$4-1),1),1),1),AG$4-1))+1),INDEX(Attenuation!$J:$J,(AG$3-1+MIN(MAX(IFERROR(MATCH(LN($AA20),INDEX(Attenuation!$J:$J,AG$3):INDEX(Attenuation!$J:$J,AG$3+AG$4-1),1),1),1),AG$4-1))):INDEX(Attenuation!$J:$J,(AG$3-1+MIN(MAX(IFERROR(MATCH(LN($AA20),INDEX(Attenuation!$J:$J,AG$3):INDEX(Attenuation!$J:$J,AG$3+AG$4-1),1),1),1),AG$4-1))+1))))) -> 1.2 | AH20: =IF($B$11="",NA(),IF(OR($AA20<AH$5/2,$AA20>2*AH$6),NA(),EXP(FORECAST(LN($AA20),INDEX(Attenuation!$K:$K,(AH$3-1+MIN(MAX(IFERROR(MATCH(LN($AA20),INDEX(Attenuation!$J:$J,AH$3):INDEX(Attenuation!$J:$J,AH$3+AH$4-1),1),1),1),AH$4-1))):INDEX(Attenuation!$K:$K,(AH$3-1+MIN(MAX(IFERROR(MATCH(LN($AA20),INDEX(Attenuation!$J:$J,AH$3):INDEX(Attenuation!$J:$J,AH$3+AH$4-1),1),1),1),AH$4-1))+1),INDEX(Attenuation!$J:$J,(AH$3-1+MIN(MAX(IFERROR(MATCH(LN($AA20),INDEX(Attenuation!$J:$J,AH$3):INDEX(Attenuation!$J:$J,AH$3+AH$4-1),1),1),1),AH$4-1))):INDEX(Attenuation!$J:$J,(AH$3-1+MIN(MAX(IFERROR(MATCH(LN($AA20),INDEX(Attenuation!$J:$J,AH$3):INDEX(Attenuation!$J:$J,AH$3+AH$4-1),1),1),1),AH$4-1))+1))))) -> 0.672 | AI20: =IF($B$12="",NA(),IF(OR($AA20<AI$5/2,$AA20>2*AI$6),NA(),EXP(FORECAST(LN($AA20),INDEX(Attenuation!$K:$K,(AI$3-1+MIN(MAX(IFERROR(MATCH(LN($AA20),INDEX(Attenuation!$J:$J,AI$3):INDEX(Attenuation!$J:$J,AI$3+AI$4-1),1),1),1),AI$4-1))):INDEX(Attenuation!$K:$K,(AI$3-1+MIN(MAX(IFERROR(MATCH(LN($AA20),INDEX(Attenuation!$J:$J,AI$3):INDEX(Attenuation!$J:$J,AI$3+AI$4-1),1),1),1),AI$4-1))+1),INDEX(Attenuation!$J:$J,(AI$3-1+MIN(MAX(IFERROR(MATCH(LN($AA20),INDEX(Attenuation!$J:$J,AI$3):INDEX(Attenuation!$J:$J,AI$3+AI$4-1),1),1),1),AI$4-1))):INDEX(Attenuation!$J:$J,(AI$3-1+MIN(MAX(IFERROR(MATCH(LN($AA20),INDEX(Attenuation!$J:$J,AI$3):INDEX(Attenuation!$J:$J,AI$3+AI$4-1),1),1),1),AI$4-1))+1))))) -> 0.366
AA21: =10^(11/10) -> 12.589254 | AB21: =IF($B$5="",NA(),IF(OR($AA21<AB$5/2,$AA21>2*AB$6),NA(),EXP(FORECAST(LN($AA21),INDEX(Attenuation!$K:$K,(AB$3-1+MIN(MAX(IFERROR(MATCH(LN($AA21),INDEX(Attenuation!$J:$J,AB$3):INDEX(Attenuation!$J:$J,AB$3+AB$4-1),1),1),1),AB$4-1))):INDEX(Attenuation!$K:$K,(AB$3-1+MIN(MAX(IFERROR(MATCH(LN($AA21),INDEX(Attenuation!$J:$J,AB$3):INDEX(Attenuation!$J:$J,AB$3+AB$4-1),1),1),1),AB$4-1))+1),INDEX(Attenuation!$J:$J,(AB$3-1+MIN(MAX(IFERROR(MATCH(LN($AA21),INDEX(Attenuation!$J:$J,AB$3):INDEX(Attenuation!$J:$J,AB$3+AB$4-1),1),1),1),AB$4-1))):INDEX(Attenuation!$J:$J,(AB$3-1+MIN(MAX(IFERROR(MATCH(LN($AA21),INDEX(Attenuation!$J:$J,AB$3):INDEX(Attenuation!$J:$J,AB$3+AB$4-1),1),1),1),AB$4-1))+1))))) -> 5.5998271 | AC21: =IF($B$6="",NA(),IF(OR($AA21<AC$5/2,$AA21>2*AC$6),NA(),EXP(FORECAST(LN($AA21),INDEX(Attenuation!$K:$K,(AC$3-1+MIN(MAX(IFERROR(MATCH(LN($AA21),INDEX(Attenuation!$J:$J,AC$3):INDEX(Attenuation!$J:$J,AC$3+AC$4-1),1),1),1),AC$4-1))):INDEX(Attenuation!$K:$K,(AC$3-1+MIN(MAX(IFERROR(MATCH(LN($AA21),INDEX(Attenuation!$J:$J,AC$3):INDEX(Attenuation!$J:$J,AC$3+AC$4-1),1),1),1),AC$4-1))+1),INDEX(Attenuation!$J:$J,(AC$3-1+MIN(MAX(IFERROR(MATCH(LN($AA21),INDEX(Attenuation!$J:$J,AC$3):INDEX(Attenuation!$J:$J,AC$3+AC$4-1),1),1),1),AC$4-1))):INDEX(Attenuation!$J:$J,(AC$3-1+MIN(MAX(IFERROR(MATCH(LN($AA21),INDEX(Attenuation!$J:$J,AC$3):INDEX(Attenuation!$J:$J,AC$3+AC$4-1),1),1),1),AC$4-1))+1))))) -> 3.3332902 | AD21: =IF($B$7="",NA(),IF(OR($AA21<AD$5/2,$AA21>2*AD$6),NA(),EXP(FORECAST(LN($AA21),INDEX(Attenuation!$K:$K,(AD$3-1+MIN(MAX(IFERROR(MATCH(LN($AA21),INDEX(Attenuation!$J:$J,AD$3):INDEX(Attenuation!$J:$J,AD$3+AD$4-1),1),1),1),AD$4-1))):INDEX(Attenuation!$K:$K,(AD$3-1+MIN(MAX(IFERROR(MATCH(LN($AA21),INDEX(Attenuation!$J:$J,AD$3):INDEX(Attenuation!$J:$J,AD$3+AD$4-1),1),1),1),AD$4-1))+1),INDEX(Attenuation!$J:$J,(AD$3-1+MIN(MAX(IFERROR(MATCH(LN($AA21),INDEX(Attenuation!$J:$J,AD$3):INDEX(Attenuation!$J:$J,AD$3+AD$4-1),1),1),1),AD$4-1))):INDEX(Attenuation!$J:$J,(AD$3-1+MIN(MAX(IFERROR(MATCH(LN($AA21),INDEX(Attenuation!$J:$J,AD$3):INDEX(Attenuation!$J:$J,AD$3+AD$4-1),1),1),1),AD$4-1))+1))))) -> 2.0407746 | AE21: =IF($B$8="",NA(),IF(OR($AA21<AE$5/2,$AA21>2*AE$6),NA(),EXP(FORECAST(LN($AA21),INDEX(Attenuation!$K:$K,(AE$3-1+MIN(MAX(IFERROR(MATCH(LN($AA21),INDEX(Attenuation!$J:$J,AE$3):INDEX(Attenuation!$J:$J,AE$3+AE$4-1),1),1),1),AE$4-1))):INDEX(Attenuation!$K:$K,(AE$3-1+MIN(MAX(IFERROR(MATCH(LN($AA21),INDEX(Attenuation!$J:$J,AE$3):INDEX(Attenuation!$J:$J,AE$3+AE$4-1),1),1),1),AE$4-1))+1),INDEX(Attenuation!$J:$J,(AE$3-1+MIN(MAX(IFERROR(MATCH(LN($AA21),INDEX(Attenuation!$J:$J,AE$3):INDEX(Attenuation!$J:$J,AE$3+AE$4-1),1),1),1),AE$4-1))):INDEX(Attenuation!$J:$J,(AE$3-1+MIN(MAX(IFERROR(MATCH(LN($AA21),INDEX(Attenuation!$J:$J,AE$3):INDEX(Attenuation!$J:$J,AE$3+AE$4-1),1),1),1),AE$4-1))+1))))) -> #N/A | AF21: =IF($B$9="",NA(),IF(OR($AA21<AF$5/2,$AA21>2*AF$6),NA(),EXP(FORECAST(LN($AA21),INDEX(Attenuation!$K:$K,(AF$3-1+MIN(MAX(IFERROR(MATCH(LN($AA21),INDEX(Attenuation!$J:$J,AF$3):INDEX(Attenuation!$J:$J,AF$3+AF$4-1),1),1),1),AF$4-1))):INDEX(Attenuation!$K:$K,(AF$3-1+MIN(MAX(IFERROR(MATCH(LN($AA21),INDEX(Attenuation!$J:$J,AF$3):INDEX(Attenuation!$J:$J,AF$3+AF$4-1),1),1),1),AF$4-1))+1),INDEX(Attenuation!$J:$J,(AF$3-1+MIN(MAX(IFERROR(MATCH(LN($AA21),INDEX(Attenuation!$J:$J,AF$3):INDEX(Attenuation!$J:$J,AF$3+AF$4-1),1),1),1),AF$4-1))):INDEX(Attenuation!$J:$J,(AF$3-1+MIN(MAX(IFERROR(MATCH(LN($AA21),INDEX(Attenuation!$J:$J,AF$3):INDEX(Attenuation!$J:$J,AF$3+AF$4-1),1),1),1),AF$4-1))+1))))) -> 1.433749 | AG21: =IF($B$10="",NA(),IF(OR($AA21<AG$5/2,$AA21>2*AG$6),NA(),EXP(FORECAST(LN($AA21),INDEX(Attenuation!$K:$K,(AG$3-1+MIN(MAX(IFERROR(MATCH(LN($AA21),INDEX(Attenuation!$J:$J,AG$3):INDEX(Attenuation!$J:$J,AG$3+AG$4-1),1),1),1),AG$4-1))):INDEX(Attenuation!$K:$K,(AG$3-1+MIN(MAX(IFERROR(MATCH(LN($AA21),INDEX(Attenuation!$J:$J,AG$3):INDEX(Attenuation!$J:$J,AG$3+AG$4-1),1),1),1),AG$4-1))+1),INDEX(Attenuation!$J:$J,(AG$3-1+MIN(MAX(IFERROR(MATCH(LN($AA21),INDEX(Attenuation!$J:$J,AG$3):INDEX(Attenuation!$J:$J,AG$3+AG$4-1),1),1),1),AG$4-1))):INDEX(Attenuation!$J:$J,(AG$3-1+MIN(MAX(IFERROR(MATCH(LN($AA21),INDEX(Attenuation!$J:$J,AG$3):INDEX(Attenuation!$J:$J,AG$3+AG$4-1),1),1),1),AG$4-1))+1))))) -> 1.2675644 | AH21: =IF($B$11="",NA(),IF(OR($AA21<AH$5/2,$AA21>2*AH$6),NA(),EXP(FORECAST(LN($AA21),INDEX(Attenuation!$K:$K,(AH$3-1+MIN(MAX(IFERROR(MATCH(LN($AA21),INDEX(Attenuation!$J:$J,AH$3):INDEX(Attenuation!$J:$J,AH$3+AH$4-1),1),1),1),AH$4-1))):INDEX(Attenuation!$K:$K,(AH$3-1+MIN(MAX(IFERROR(MATCH(LN($AA21),INDEX(Attenuation!$J:$J,AH$3):INDEX(Attenuation!$J:$J,AH$3+AH$4-1),1),1),1),AH$4-1))+1),INDEX(Attenuation!$J:$J,(AH$3-1+MIN(MAX(IFERROR(MATCH(LN($AA21),INDEX(Attenuation!$J:$J,AH$3):INDEX(Attenuation!$J:$J,AH$3+AH$4-1),1),1),1),AH$4-1))):INDEX(Attenuation!$J:$J,(AH$3-1+MIN(MAX(IFERROR(MATCH(LN($AA21),INDEX(Attenuation!$J:$J,AH$3):INDEX(Attenuation!$J:$J,AH$3+AH$4-1),1),1),1),AH$4-1))+1))))) -> 0.75495676 | AI21: =IF($B$12="",NA(),IF(OR($AA21<AI$5/2,$AA21>2*AI$6),NA(),EXP(FORECAST(LN($AA21),INDEX(Attenuation!$K:$K,(AI$3-1+MIN(MAX(IFERROR(MATCH(LN($AA21),INDEX(Attenuation!$J:$J,AI$3):INDEX(Attenuation!$J:$J,AI$3+AI$4-1),1),1),1),AI$4-1))):INDEX(Attenuation!$K:$K,(AI$3-1+MIN(MAX(IFERROR(MATCH(LN($AA21),INDEX(Attenuation!$J:$J,AI$3):INDEX(Attenuation!$J:$J,AI$3+AI$4-1),1),1),1),AI$4-1))+1),INDEX(Attenuation!$J:$J,(AI$3-1+MIN(MAX(IFERROR(MATCH(LN($AA21),INDEX(Attenuation!$J:$J,AI$3):INDEX(Attenuation!$J:$J,AI$3+AI$4-1),1),1),1),AI$4-1))):INDEX(Attenuation!$J:$J,(AI$3-1+MIN(MAX(IFERROR(MATCH(LN($AA21),INDEX(Attenuation!$J:$J,AI$3):INDEX(Attenuation!$J:$J,AI$3+AI$4-1),1),1),1),AI$4-1))+1))))) -> 0.41155232
AA22: =10^(12/10) -> 15.848932 | AB22: =IF($B$5="",NA(),IF(OR($AA22<AB$5/2,$AA22>2*AB$6),NA(),EXP(FORECAST(LN($AA22),INDEX(Attenuation!$K:$K,(AB$3-1+MIN(MAX(IFERROR(MATCH(LN($AA22),INDEX(Attenuation!$J:$J,AB$3):INDEX(Attenuation!$J:$J,AB$3+AB$4-1),1),1),1),AB$4-1))):INDEX(Attenuation!$K:$K,(AB$3-1+MIN(MAX(IFERROR(MATCH(LN($AA22),INDEX(Attenuation!$J:$J,AB$3):INDEX(Attenuation!$J:$J,AB$3+AB$4-1),1),1),1),AB$4-1))+1),INDEX(Attenuation!$J:$J,(AB$3-1+MIN(MAX(IFERROR(MATCH(LN($AA22),INDEX(Attenuation!$J:$J,AB$3):INDEX(Attenuation!$J:$J,AB$3+AB$4-1),1),1),1),AB$4-1))):INDEX(Attenuation!$J:$J,(AB$3-1+MIN(MAX(IFERROR(MATCH(LN($AA22),INDEX(Attenuation!$J:$J,AB$3):INDEX(Attenuation!$J:$J,AB$3+AB$4-1),1),1),1),AB$4-1))+1))))) -> 6.3719586 | AC22: =IF($B$6="",NA(),IF(OR($AA22<AC$5/2,$AA22>2*AC$6),NA(),EXP(FORECAST(LN($AA22),INDEX(Attenuation!$K:$K,(AC$3-1+MIN(MAX(IFERROR(MATCH(LN($AA22),INDEX(Attenuation!$J:$J,AC$3):INDEX(Attenuation!$J:$J,AC$3+AC$4-1),1),1),1),AC$4-1))):INDEX(Attenuation!$K:$K,(AC$3-1+MIN(MAX(IFERROR(MATCH(LN($AA22),INDEX(Attenuation!$J:$J,AC$3):INDEX(Attenuation!$J:$J,AC$3+AC$4-1),1),1),1),AC$4-1))+1),INDEX(Attenuation!$J:$J,(AC$3-1+MIN(MAX(IFERROR(MATCH(LN($AA22),INDEX(Attenuation!$J:$J,AC$3):INDEX(Attenuation!$J:$J,AC$3+AC$4-1),1),1),1),AC$4-1))):INDEX(Attenuation!$J:$J,(AC$3-1+MIN(MAX(IFERROR(MATCH(LN($AA22),INDEX(Attenuation!$J:$J,AC$3):INDEX(Attenuation!$J:$J,AC$3+AC$4-1),1),1),1),AC$4-1))+1))))) -> 3.7628655 | AD22: =IF($B$7="",NA(),IF(OR($AA22<AD$5/2,$AA22>2*AD$6),NA(),EXP(FORECAST(LN($AA22),INDEX(Attenuation!$K:$K,(AD$3-1+MIN(MAX(IFERROR(MATCH(LN($AA22),INDEX(Attenuation!$J:$J,AD$3):INDEX(Attenuation!$J:$J,AD$3+AD$4-1),1),1),1),AD$4-1))):INDEX(Attenuation!$K:$K,(AD$3-1+MIN(MAX(IFERROR(MATCH(LN($AA22),INDEX(Attenuation!$J:$J,AD$3):INDEX(Attenuation!$J:$J,AD$3+AD$4-1),1),1),1),AD$4-1))+1),INDEX(Attenuation!$J:$J,(AD$3-1+MIN(MAX(IFERROR(MATCH(LN($AA22),INDEX(Attenuation!$J:$J,AD$3):INDEX(Attenuation!$J:$J,AD$3+AD$4-1),1),1),1),AD$4-1))):INDEX(Attenuation!$J:$J,(AD$3-1+MIN(MAX(IFERROR(MATCH(LN($AA22),INDEX(Attenuation!$J:$J,AD$3):INDEX(Attenuation!$J:$J,AD$3+AD$4-1),1),1),1),AD$4-1))+1))))) -> 2.3080348 | AE22: =IF($B$8="",NA(),IF(OR($AA22<AE$5/2,$AA22>2*AE$6),NA(),EXP(FORECAST(LN($AA22),INDEX(Attenuation!$K:$K,(AE$3-1+MIN(MAX(IFERROR(MATCH(LN($AA22),INDEX(Attenuation!$J:$J,AE$3):INDEX(Attenuation!$J:$J,AE$3+AE$4-1),1),1),1),AE$4-1))):INDEX(Attenuation!$K:$K,(AE$3-1+MIN(MAX(IFERROR(MATCH(LN($AA22),INDEX(Attenuation!$J:$J,AE$3):INDEX(Attenuation!$J:$J,AE$3+AE$4-1),1),1),1),AE$4-1))+1),INDEX(Attenuation!$J:$J,(AE$3-1+MIN(MAX(IFERROR(MATCH(LN($AA22),INDEX(Attenuation!$J:$J,AE$3):INDEX(Attenuation!$J:$J,AE$3+AE$4-1),1),1),1),AE$4-1))):INDEX(Attenuation!$J:$J,(AE$3-1+MIN(MAX(IFERROR(MATCH(LN($AA22),INDEX(Attenuation!$J:$J,AE$3):INDEX(Attenuation!$J:$J,AE$3+AE$4-1),1),1),1),AE$4-1))+1))))) -> 1.6778217 | AF22: =IF($B$9="",NA(),IF(OR($AA22<AF$5/2,$AA22>2*AF$6),NA(),EXP(FORECAST(LN($AA22),INDEX(Attenuation!$K:$K,(AF$3-1+MIN(MAX(IFERROR(MATCH(LN($AA22),INDEX(Attenuation!$J:$J,AF$3):INDEX(Attenuation!$J:$J,AF$3+AF$4-1),1),1),1),AF$4-1))):INDEX(Attenuation!$K:$K,(AF$3-1+MIN(MAX(IFERROR(MATCH(LN($AA22),INDEX(Attenuation!$J:$J,AF$3):INDEX(Attenuation!$J:$J,AF$3+AF$4-1),1),1),1),AF$4-1))+1),INDEX(Attenuation!$J:$J,(AF$3-1+MIN(MAX(IFERROR(MATCH(LN($AA22),INDEX(Attenuation!$J:$J,AF$3):INDEX(Attenuation!$J:$J,AF$3+AF$4-1),1),1),1),AF$4-1))):INDEX(Attenuation!$J:$J,(AF$3-1+MIN(MAX(IFERROR(MATCH(LN($AA22),INDEX(Attenuation!$J:$J,AF$3):INDEX(Attenuation!$J:$J,AF$3+AF$4-1),1),1),1),AF$4-1))+1))))) -> 1.5860444 | AG22: =IF($B$10="",NA(),IF(OR($AA22<AG$5/2,$AA22>2*AG$6),NA(),EXP(FORECAST(LN($AA22),INDEX(Attenuation!$K:$K,(AG$3-1+MIN(MAX(IFERROR(MATCH(LN($AA22),INDEX(Attenuation!$J:$J,AG$3):INDEX(Attenuation!$J:$J,AG$3+AG$4-1),1),1),1),AG$4-1))):INDEX(Attenuation!$K:$K,(AG$3-1+MIN(MAX(IFERROR(MATCH(LN($AA22),INDEX(Attenuation!$J:$J,AG$3):INDEX(Attenuation!$J:$J,AG$3+AG$4-1),1),1),1),AG$4-1))+1),INDEX(Attenuation!$J:$J,(AG$3-1+MIN(MAX(IFERROR(MATCH(LN($AA22),INDEX(Attenuation!$J:$J,AG$3):INDEX(Attenuation!$J:$J,AG$3+AG$4-1),1),1),1),AG$4-1))):INDEX(Attenuation!$J:$J,(AG$3-1+MIN(MAX(IFERROR(MATCH(LN($AA22),INDEX(Attenuation!$J:$J,AG$3):INDEX(Attenuation!$J:$J,AG$3+AG$4-1),1),1),1),AG$4-1))+1))))) -> 1.4111921 | AH22: =IF($B$11="",NA(),IF(OR($AA22<AH$5/2,$AA22>2*AH$6),NA(),EXP(FORECAST(LN($AA22),INDEX(Attenuation!$K:$K,(AH$3-1+MIN(MAX(IFERROR(MATCH(LN($AA22),INDEX(Attenuation!$J:$J,AH$3):INDEX(Attenuation!$J:$J,AH$3+AH$4-1),1),1),1),AH$4-1))):INDEX(Attenuation!$K:$K,(AH$3-1+MIN(MAX(IFERROR(MATCH(LN($AA22),INDEX(Attenuation!$J:$J,AH$3):INDEX(Attenuation!$J:$J,AH$3+AH$4-1),1),1),1),AH$4-1))+1),INDEX(Attenuation!$J:$J,(AH$3-1+MIN(MAX(IFERROR(MATCH(LN($AA22),INDEX(Attenuation!$J:$J,AH$3):INDEX(Attenuation!$J:$J,AH$3+AH$4-1),1),1),1),AH$4-1))):INDEX(Attenuation!$J:$J,(AH$3-1+MIN(MAX(IFERROR(MATCH(LN($AA22),INDEX(Attenuation!$J:$J,AH$3):INDEX(Attenuation!$J:$J,AH$3+AH$4-1),1),1),1),AH$4-1))+1))))) -> 0.84815432 | AI22: =IF($B$12="",NA(),IF(OR($AA22<AI$5/2,$AA22>2*AI$6),NA(),EXP(FORECAST(LN($AA22),INDEX(Attenuation!$K:$K,(AI$3-1+MIN(MAX(IFERROR(MATCH(LN($AA22),INDEX(Attenuation!$J:$J,AI$3):INDEX(Attenuation!$J:$J,AI$3+AI$4-1),1),1),1),AI$4-1))):INDEX(Attenuation!$K:$K,(AI$3-1+MIN(MAX(IFERROR(MATCH(LN($AA22),INDEX(Attenuation!$J:$J,AI$3):INDEX(Attenuation!$J:$J,AI$3+AI$4-1),1),1),1),AI$4-1))+1),INDEX(Attenuation!$J:$J,(AI$3-1+MIN(MAX(IFERROR(MATCH(LN($AA22),INDEX(Attenuation!$J:$J,AI$3):INDEX(Attenuation!$J:$J,AI$3+AI$4-1),1),1),1),AI$4-1))):INDEX(Attenuation!$J:$J,(AI$3-1+MIN(MAX(IFERROR(MATCH(LN($AA22),INDEX(Attenuation!$J:$J,AI$3):INDEX(Attenuation!$J:$J,AI$3+AI$4-1),1),1),1),AI$4-1))+1))))) -> 0.46277408
AA23: =10^(13/10) -> 19.952623 | AB23: =IF($B$5="",NA(),IF(OR($AA23<AB$5/2,$AA23>2*AB$6),NA(),EXP(FORECAST(LN($AA23),INDEX(Attenuation!$K:$K,(AB$3-1+MIN(MAX(IFERROR(MATCH(LN($AA23),INDEX(Attenuation!$J:$J,AB$3):INDEX(Attenuation!$J:$J,AB$3+AB$4-1),1),1),1),AB$4-1))):INDEX(Attenuation!$K:$K,(AB$3-1+MIN(MAX(IFERROR(MATCH(LN($AA23),INDEX(Attenuation!$J:$J,AB$3):INDEX(Attenuation!$J:$J,AB$3+AB$4-1),1),1),1),AB$4-1))+1),INDEX(Attenuation!$J:$J,(AB$3-1+MIN(MAX(IFERROR(MATCH(LN($AA23),INDEX(Attenuation!$J:$J,AB$3):INDEX(Attenuation!$J:$J,AB$3+AB$4-1),1),1),1),AB$4-1))):INDEX(Attenuation!$J:$J,(AB$3-1+MIN(MAX(IFERROR(MATCH(LN($AA23),INDEX(Attenuation!$J:$J,AB$3):INDEX(Attenuation!$J:$J,AB$3+AB$4-1),1),1),1),AB$4-1))+1))))) -> 7.2505553 | AC23: =IF($B$6="",NA(),IF(OR($AA23<AC$5/2,$AA23>2*AC$6),NA(),EXP(FORECAST(LN($AA23),INDEX(Attenuation!$K:$K,(AC$3-1+MIN(MAX(IFERROR(MATCH(LN($AA23),INDEX(Attenuation!$J:$J,AC$3):INDEX(Attenuation!$J:$J,AC$3+AC$4-1),1),1),1),AC$4-1))):INDEX(Attenuation!$K:$K,(AC$3-1+MIN(MAX(IFERROR(MATCH(LN($AA23),INDEX(Attenuation!$J:$J,AC$3):INDEX(Attenuation!$J:$J,AC$3+AC$4-1),1),1),1),AC$4-1))+1),INDEX(Attenuation!$J:$J,(AC$3-1+MIN(MAX(IFERROR(MATCH(LN($AA23),INDEX(Attenuation!$J:$J,AC$3):INDEX(Attenuation!$J:$J,AC$3+AC$4-1),1),1),1),AC$4-1))):INDEX(Attenuation!$J:$J,(AC$3-1+MIN(MAX(IFERROR(MATCH(LN($AA23),INDEX(Attenuation!$J:$J,AC$3):INDEX(Attenuation!$J:$J,AC$3+AC$4-1),1),1),1),AC$4-1))+1))))) -> 4.2478021 | AD23: =IF($B$7="",NA(),IF(OR($AA23<AD$5/2,$AA23>2*AD$6),NA(),EXP(FORECAST(LN($AA23),INDEX(Attenuation!$K:$K,(AD$3-1+MIN(MAX(IFERROR(MATCH(LN($AA23),INDEX(Attenuation!$J:$J,AD$3):INDEX(Attenuation!$J:$J,AD$3+AD$4-1),1),1),1),AD$4-1))):INDEX(Attenuation!$K:$K,(AD$3-1+MIN(MAX(IFERROR(MATCH(LN($AA23),INDEX(Attenuation!$J:$J,AD$3):INDEX(Attenuation!$J:$J,AD$3+AD$4-1),1),1),1),AD$4-1))+1),INDEX(Attenuation!$J:$J,(AD$3-1+MIN(MAX(IFERROR(MATCH(LN($AA23),INDEX(Attenuation!$J:$J,AD$3):INDEX(Attenuation!$J:$J,AD$3+AD$4-1),1),1),1),AD$4-1))):INDEX(Attenuation!$J:$J,(AD$3-1+MIN(MAX(IFERROR(MATCH(LN($AA23),INDEX(Attenuation!$J:$J,AD$3):INDEX(Attenuation!$J:$J,AD$3+AD$4-1),1),1),1),AD$4-1))+1))))) -> 2.6102954 | AE23: =IF($B$8="",NA(),IF(OR($AA23<AE$5/2,$AA23>2*AE$6),NA(),EXP(FORECAST(LN($AA23),INDEX(Attenuation!$K:$K,(AE$3-1+MIN(MAX(IFERROR(MATCH(LN($AA23),INDEX(Attenuation!$J:$J,AE$3):INDEX(Attenuation!$J:$J,AE$3+AE$4-1),1),1),1),AE$4-1))):INDEX(Attenuation!$K:$K,(AE$3-1+MIN(MAX(IFERROR(MATCH(LN($AA23),INDEX(Attenuation!$J:$J,AE$3):INDEX(Attenuation!$J:$J,AE$3+AE$4-1),1),1),1),AE$4-1))+1),INDEX(Attenuation!$J:$J,(AE$3-1+MIN(MAX(IFERROR(MATCH(LN($AA23),INDEX(Attenuation!$J:$J,AE$3):INDEX(Attenuation!$J:$J,AE$3+AE$4-1),1),1),1),AE$4-1))):INDEX(Attenuation!$J:$J,(AE$3-1+MIN(MAX(IFERROR(MATCH(LN($AA23),INDEX(Attenuation!$J:$J,AE$3):INDEX(Attenuation!$J:$J,AE$3+AE$4-1),1),1),1),AE$4-1))+1))))) -> 1.8790724 | AF23: =IF($B$9="",NA(),IF(OR($AA23<AF$5/2,$AA23>2*AF$6),NA(),EXP(FORECAST(LN($AA23),INDEX(Attenuation!$K:$K,(AF$3-1+MIN(MAX(IFERROR(MATCH(LN($AA23),INDEX(Attenuation!$J:$J,AF$3):INDEX(Attenuation!$J:$J,AF$3+AF$4-1),1),1),1),AF$4-1))):INDEX(Attenuation!$K:$K,(AF$3-1+MIN(MAX(IFERROR(MATCH(LN($AA23),INDEX(Attenuation!$J:$J,AF$3):INDEX(Attenuation!$J:$J,AF$3+AF$4-1),1),1),1),AF$4-1))+1),INDEX(Attenuation!$J:$J,(AF$3-1+MIN(MAX(IFERROR(MATCH(LN($AA23),INDEX(Attenuation!$J:$J,AF$3):INDEX(Attenuation!$J:$J,AF$3+AF$4-1),1),1),1),AF$4-1))):INDEX(Attenuation!$J:$J,(AF$3-1+MIN(MAX(IFERROR(MATCH(LN($AA23),INDEX(Attenuation!$J:$J,AF$3):INDEX(Attenuation!$J:$J,AF$3+AF$4-1),1),1),1),AF$4-1))+1))))) -> 1.7590629 | AG23: =IF($B$10="",NA(),IF(OR($AA23<AG$5/2,$AA23>2*AG$6),NA(),EXP(FORECAST(LN($AA23),INDEX(Attenuation!$K:$K,(AG$3-1+MIN(MAX(IFERROR(MATCH(LN($AA23),INDEX(Attenuation!$J:$J,AG$3):INDEX(Attenuation!$J:$J,AG$3+AG$4-1),1),1),1),AG$4-1))):INDEX(Attenuation!$K:$K,(AG$3-1+MIN(MAX(IFERROR(MATCH(LN($AA23),INDEX(Attenuation!$J:$J,AG$3):INDEX(Attenuation!$J:$J,AG$3+AG$4-1),1),1),1),AG$4-1))+1),INDEX(Attenuation!$J:$J,(AG$3-1+MIN(MAX(IFERROR(MATCH(LN($AA23),INDEX(Attenuation!$J:$J,AG$3):INDEX(Attenuation!$J:$J,AG$3+AG$4-1),1),1),1),AG$4-1))):INDEX(Attenuation!$J:$J,(AG$3-1+MIN(MAX(IFERROR(MATCH(LN($AA23),INDEX(Attenuation!$J:$J,AG$3):INDEX(Attenuation!$J:$J,AG$3+AG$4-1),1),1),1),AG$4-1))+1))))) -> 1.6434185 | AH23: =IF($B$11="",NA(),IF(OR($AA23<AH$5/2,$AA23>2*AH$6),NA(),EXP(FORECAST(LN($AA23),INDEX(Attenuation!$K:$K,(AH$3-1+MIN(MAX(IFERROR(MATCH(LN($AA23),INDEX(Attenuation!$J:$J,AH$3):INDEX(Attenuation!$J:$J,AH$3+AH$4-1),1),1),1),AH$4-1))):INDEX(Attenuation!$K:$K,(AH$3-1+MIN(MAX(IFERROR(MATCH(LN($AA23),INDEX(Attenuation!$J:$J,AH$3):INDEX(Attenuation!$J:$J,AH$3+AH$4-1),1),1),1),AH$4-1))+1),INDEX(Attenuation!$J:$J,(AH$3-1+MIN(MAX(IFERROR(MATCH(LN($AA23),INDEX(Attenuation!$J:$J,AH$3):INDEX(Attenuation!$J:$J,AH$3+AH$4-1),1),1),1),AH$4-1))):INDEX(Attenuation!$J:$J,(AH$3-1+MIN(MAX(IFERROR(MATCH(LN($AA23),INDEX(Attenuation!$J:$J,AH$3):INDEX(Attenuation!$J:$J,AH$3+AH$4-1),1),1),1),AH$4-1))+1))))) -> 0.9528569 | AI23: =IF($B$12="",NA(),IF(OR($AA23<AI$5/2,$AA23>2*AI$6),NA(),EXP(FORECAST(LN($AA23),INDEX(Attenuation!$K:$K,(AI$3-1+MIN(MAX(IFERROR(MATCH(LN($AA23),INDEX(Attenuation!$J:$J,AI$3):INDEX(Attenuation!$J:$J,AI$3+AI$4-1),1),1),1),AI$4-1))):INDEX(Attenuation!$K:$K,(AI$3-1+MIN(MAX(IFERROR(MATCH(LN($AA23),INDEX(Attenuation!$J:$J,AI$3):INDEX(Attenuation!$J:$J,AI$3+AI$4-1),1),1),1),AI$4-1))+1),INDEX(Attenuation!$J:$J,(AI$3-1+MIN(MAX(IFERROR(MATCH(LN($AA23),INDEX(Attenuation!$J:$J,AI$3):INDEX(Attenuation!$J:$J,AI$3+AI$4-1),1),1),1),AI$4-1))):INDEX(Attenuation!$J:$J,(AI$3-1+MIN(MAX(IFERROR(MATCH(LN($AA23),INDEX(Attenuation!$J:$J,AI$3):INDEX(Attenuation!$J:$J,AI$3+AI$4-1),1),1),1),AI$4-1))+1))))) -> 0.5203709
AA24: =10^(14/10) -> 25.118864 | AB24: =IF($B$5="",NA(),IF(OR($AA24<AB$5/2,$AA24>2*AB$6),NA(),EXP(FORECAST(LN($AA24),INDEX(Attenuation!$K:$K,(AB$3-1+MIN(MAX(IFERROR(MATCH(LN($AA24),INDEX(Attenuation!$J:$J,AB$3):INDEX(Attenuation!$J:$J,AB$3+AB$4-1),1),1),1),AB$4-1))):INDEX(Attenuation!$K:$K,(AB$3-1+MIN(MAX(IFERROR(MATCH(LN($AA24),INDEX(Attenuation!$J:$J,AB$3):INDEX(Attenuation!$J:$J,AB$3+AB$4-1),1),1),1),AB$4-1))+1),INDEX(Attenuation!$J:$J,(AB$3-1+MIN(MAX(IFERROR(MATCH(LN($AA24),INDEX(Attenuation!$J:$J,AB$3):INDEX(Attenuation!$J:$J,AB$3+AB$4-1),1),1),1),AB$4-1))):INDEX(Attenuation!$J:$J,(AB$3-1+MIN(MAX(IFERROR(MATCH(LN($AA24),INDEX(Attenuation!$J:$J,AB$3):INDEX(Attenuation!$J:$J,AB$3+AB$4-1),1),1),1),AB$4-1))+1))))) -> 8.2502973 | AC24: =IF($B$6="",NA(),IF(OR($AA24<AC$5/2,$AA24>2*AC$6),NA(),EXP(FORECAST(LN($AA24),INDEX(Attenuation!$K:$K,(AC$3-1+MIN(MAX(IFERROR(MATCH(LN($AA24),INDEX(Attenuation!$J:$J,AC$3):INDEX(Attenuation!$J:$J,AC$3+AC$4-1),1),1),1),AC$4-1))):INDEX(Attenuation!$K:$K,(AC$3-1+MIN(MAX(IFERROR(MATCH(LN($AA24),INDEX(Attenuation!$J:$J,AC$3):INDEX(Attenuation!$J:$J,AC$3+AC$4-1),1),1),1),AC$4-1))+1),INDEX(Attenuation!$J:$J,(AC$3-1+MIN(MAX(IFERROR(MATCH(LN($AA24),INDEX(Attenuation!$J:$J,AC$3):INDEX(Attenuation!$J:$J,AC$3+AC$4-1),1),1),1),AC$4-1))):INDEX(Attenuation!$J:$J,(AC$3-1+MIN(MAX(IFERROR(MATCH(LN($AA24),INDEX(Attenuation!$J:$J,AC$3):INDEX(Attenuation!$J:$J,AC$3+AC$4-1),1),1),1),AC$4-1))+1))))) -> 4.7952345 | AD24: =IF($B$7="",NA(),IF(OR($AA24<AD$5/2,$AA24>2*AD$6),NA(),EXP(FORECAST(LN($AA24),INDEX(Attenuation!$K:$K,(AD$3-1+MIN(MAX(IFERROR(MATCH(LN($AA24),INDEX(Attenuation!$J:$J,AD$3):INDEX(Attenuation!$J:$J,AD$3+AD$4-1),1),1),1),AD$4-1))):INDEX(Attenuation!$K:$K,(AD$3-1+MIN(MAX(IFERROR(MATCH(LN($AA24),INDEX(Attenuation!$J:$J,AD$3):INDEX(Attenuation!$J:$J,AD$3+AD$4-1),1),1),1),AD$4-1))+1),INDEX(Attenuation!$J:$J,(AD$3-1+MIN(MAX(IFERROR(MATCH(LN($AA24),INDEX(Attenuation!$J:$J,AD$3):INDEX(Attenuation!$J:$J,AD$3+AD$4-1),1),1),1),AD$4-1))):INDEX(Attenuation!$J:$J,(AD$3-1+MIN(MAX(IFERROR(MATCH(LN($AA24),INDEX(Attenuation!$J:$J,AD$3):INDEX(Attenuation!$J:$J,AD$3+AD$4-1),1),1),1),AD$4-1))+1))))) -> 2.9521401 | AE24: =IF($B$8="",NA(),IF(OR($AA24<AE$5/2,$AA24>2*AE$6),NA(),EXP(FORECAST(LN($AA24),INDEX(Attenuation!$K:$K,(AE$3-1+MIN(MAX(IFERROR(MATCH(LN($AA24),INDEX(Attenuation!$J:$J,AE$3):INDEX(Attenuation!$J:$J,AE$3+AE$4-1),1),1),1),AE$4-1))):INDEX(Attenuation!$K:$K,(AE$3-1+MIN(MAX(IFERROR(MATCH(LN($AA24),INDEX(Attenuation!$J:$J,AE$3):INDEX(Attenuation!$J:$J,AE$3+AE$4-1),1),1),1),AE$4-1))+1),INDEX(Attenuation!$J:$J,(AE$3-1+MIN(MAX(IFERROR(MATCH(LN($AA24),INDEX(Attenuation!$J:$J,AE$3):INDEX(Attenuation!$J:$J,AE$3+AE$4-1),1),1),1),AE$4-1))):INDEX(Attenuation!$J:$J,(AE$3-1+MIN(MAX(IFERROR(MATCH(LN($AA24),INDEX(Attenuation!$J:$J,AE$3):INDEX(Attenuation!$J:$J,AE$3+AE$4-1),1),1),1),AE$4-1))+1))))) -> 2.1044625 | AF24: =IF($B$9="",NA(),IF(OR($AA24<AF$5/2,$AA24>2*AF$6),NA(),EXP(FORECAST(LN($AA24),INDEX(Attenuation!$K:$K,(AF$3-1+MIN(MAX(IFERROR(MATCH(LN($AA24),INDEX(Attenuation!$J:$J,AF$3):INDEX(Attenuation!$J:$J,AF$3+AF$4-1),1),1),1),AF$4-1))):INDEX(Attenuation!$K:$K,(AF$3-1+MIN(MAX(IFERROR(MATCH(LN($AA24),INDEX(Attenuation!$J:$J,AF$3):INDEX(Attenuation!$J:$J,AF$3+AF$4-1),1),1),1),AF$4-1))+1),INDEX(Attenuation!$J:$J,(AF$3-1+MIN(MAX(IFERROR(MATCH(LN($AA24),INDEX(Attenuation!$J:$J,AF$3):INDEX(Attenuation!$J:$J,AF$3+AF$4-1),1),1),1),AF$4-1))):INDEX(Attenuation!$J:$J,(AF$3-1+MIN(MAX(IFERROR(MATCH(LN($AA24),INDEX(Attenuation!$J:$J,AF$3):INDEX(Attenuation!$J:$J,AF$3+AF$4-1),1),1),1),AF$4-1))+1))))) -> 1.9220243 | AG24: =IF($B$10="",NA(),IF(OR($AA24<AG$5/2,$AA24>2*AG$6),NA(),EXP(FORECAST(LN($AA24),INDEX(Attenuation!$K:$K,(AG$3-1+MIN(MAX(IFERROR(MATCH(LN($AA24),INDEX(Attenuation!$J:$J,AG$3):INDEX(Attenuation!$J:$J,AG$3+AG$4-1),1),1),1),AG$4-1))):INDEX(Attenuation!$K:$K,(AG$3-1+MIN(MAX(IFERROR(MATCH(LN($AA24),INDEX(Attenuation!$J:$J,AG$3):INDEX(Attenuation!$J:$J,AG$3+AG$4-1),1),1),1),AG$4-1))+1),INDEX(Attenuation!$J:$J,(AG$3-1+MIN(MAX(IFERROR(MATCH(LN($AA24),INDEX(Attenuation!$J:$J,AG$3):INDEX(Attenuation!$J:$J,AG$3+AG$4-1),1),1),1),AG$4-1))):INDEX(Attenuation!$J:$J,(AG$3-1+MIN(MAX(IFERROR(MATCH(LN($AA24),INDEX(Attenuation!$J:$J,AG$3):INDEX(Attenuation!$J:$J,AG$3+AG$4-1),1),1),1),AG$4-1))+1))))) -> 1.8218853 | AH24: =IF($B$11="",NA(),IF(OR($AA24<AH$5/2,$AA24>2*AH$6),NA(),EXP(FORECAST(LN($AA24),INDEX(Attenuation!$K:$K,(AH$3-1+MIN(MAX(IFERROR(MATCH(LN($AA24),INDEX(Attenuation!$J:$J,AH$3):INDEX(Attenuation!$J:$J,AH$3+AH$4-1),1),1),1),AH$4-1))):INDEX(Attenuation!$K:$K,(AH$3-1+MIN(MAX(IFERROR(MATCH(LN($AA24),INDEX(Attenuation!$J:$J,AH$3):INDEX(Attenuation!$J:$J,AH$3+AH$4-1),1),1),1),AH$4-1))+1),INDEX(Attenuation!$J:$J,(AH$3-1+MIN(MAX(IFERROR(MATCH(LN($AA24),INDEX(Attenuation!$J:$J,AH$3):INDEX(Attenuation!$J:$J,AH$3+AH$4-1),1),1),1),AH$4-1))):INDEX(Attenuation!$J:$J,(AH$3-1+MIN(MAX(IFERROR(MATCH(LN($AA24),INDEX(Attenuation!$J:$J,AH$3):INDEX(Attenuation!$J:$J,AH$3+AH$4-1),1),1),1),AH$4-1))+1))))) -> 1.0709838 | AI24: =IF($B$12="",NA(),IF(OR($AA24<AI$5/2,$AA24>2*AI$6),NA(),EXP(FORECAST(LN($AA24),INDEX(Attenuation!$K:$K,(AI$3-1+MIN(MAX(IFERROR(MATCH(LN($AA24),INDEX(Attenuation!$J:$J,AI$3):INDEX(Attenuation!$J:$J,AI$3+AI$4-1),1),1),1),AI$4-1))):INDEX(Attenuation!$K:$K,(AI$3-1+MIN(MAX(IFERROR(MATCH(LN($AA24),INDEX(Attenuation!$J:$J,AI$3):INDEX(Attenuation!$J:$J,AI$3+AI$4-1),1),1),1),AI$4-1))+1),INDEX(Attenuation!$J:$J,(AI$3-1+MIN(MAX(IFERROR(MATCH(LN($AA24),INDEX(Attenuation!$J:$J,AI$3):INDEX(Attenuation!$J:$J,AI$3+AI$4-1),1),1),1),AI$4-1))):INDEX(Attenuation!$J:$J,(AI$3-1+MIN(MAX(IFERROR(MATCH(LN($AA24),INDEX(Attenuation!$J:$J,AI$3):INDEX(Attenuation!$J:$J,AI$3+AI$4-1),1),1),1),AI$4-1))+1))))) -> 0.58537284
AA25: =10^(15/10) -> 31.622777 | AB25: =IF($B$5="",NA(),IF(OR($AA25<AB$5/2,$AA25>2*AB$6),NA(),EXP(FORECAST(LN($AA25),INDEX(Attenuation!$K:$K,(AB$3-1+MIN(MAX(IFERROR(MATCH(LN($AA25),INDEX(Attenuation!$J:$J,AB$3):INDEX(Attenuation!$J:$J,AB$3+AB$4-1),1),1),1),AB$4-1))):INDEX(Attenuation!$K:$K,(AB$3-1+MIN(MAX(IFERROR(MATCH(LN($AA25),INDEX(Attenuation!$J:$J,AB$3):INDEX(Attenuation!$J:$J,AB$3+AB$4-1),1),1),1),AB$4-1))+1),INDEX(Attenuation!$J:$J,(AB$3-1+MIN(MAX(IFERROR(MATCH(LN($AA25),INDEX(Attenuation!$J:$J,AB$3):INDEX(Attenuation!$J:$J,AB$3+AB$4-1),1),1),1),AB$4-1))):INDEX(Attenuation!$J:$J,(AB$3-1+MIN(MAX(IFERROR(MATCH(LN($AA25),INDEX(Attenuation!$J:$J,AB$3):INDEX(Attenuation!$J:$J,AB$3+AB$4-1),1),1),1),AB$4-1))+1))))) -> 9.3878885 | AC25: =IF($B$6="",NA(),IF(OR($AA25<AC$5/2,$AA25>2*AC$6),NA(),EXP(FORECAST(LN($AA25),INDEX(Attenuation!$K:$K,(AC$3-1+MIN(MAX(IFERROR(MATCH(LN($AA25),INDEX(Attenuation!$J:$J,AC$3):INDEX(Attenuation!$J:$J,AC$3+AC$4-1),1),1),1),AC$4-1))):INDEX(Attenuation!$K:$K,(AC$3-1+MIN(MAX(IFERROR(MATCH(LN($AA25),INDEX(Attenuation!$J:$J,AC$3):INDEX(Attenuation!$J:$J,AC$3+AC$4-1),1),1),1),AC$4-1))+1),INDEX(Attenuation!$J:$J,(AC$3-1+MIN(MAX(IFERROR(MATCH(LN($AA25),INDEX(Attenuation!$J:$J,AC$3):INDEX(Attenuation!$J:$J,AC$3+AC$4-1),1),1),1),AC$4-1))):INDEX(Attenuation!$J:$J,(AC$3-1+MIN(MAX(IFERROR(MATCH(LN($AA25),INDEX(Attenuation!$J:$J,AC$3):INDEX(Attenuation!$J:$J,AC$3+AC$4-1),1),1),1),AC$4-1))+1))))) -> 5.4132169 | AD25: =IF($B$7="",NA(),IF(OR($AA25<AD$5/2,$AA25>2*AD$6),NA(),EXP(FORECAST(LN($AA25),INDEX(Attenuation!$K:$K,(AD$3-1+MIN(MAX(IFERROR(MATCH(LN($AA25),INDEX(Attenuation!$J:$J,AD$3):INDEX(Attenuation!$J:$J,AD$3+AD$4-1),1),1),1),AD$4-1))):INDEX(Attenuation!$K:$K,(AD$3-1+MIN(MAX(IFERROR(MATCH(LN($AA25),INDEX(Attenuation!$J:$J,AD$3):INDEX(Attenuation!$J:$J,AD$3+AD$4-1),1),1),1),AD$4-1))+1),INDEX(Attenuation!$J:$J,(AD$3-1+MIN(MAX(IFERROR(MATCH(LN($AA25),INDEX(Attenuation!$J:$J,AD$3):INDEX(Attenuation!$J:$J,AD$3+AD$4-1),1),1),1),AD$4-1))):INDEX(Attenuation!$J:$J,(AD$3-1+MIN(MAX(IFERROR(MATCH(LN($AA25),INDEX(Attenuation!$J:$J,AD$3):INDEX(Attenuation!$J:$J,AD$3+AD$4-1),1),1),1),AD$4-1))+1))))) -> 3.3387529 | AE25: =IF($B$8="",NA(),IF(OR($AA25<AE$5/2,$AA25>2*AE$6),NA(),EXP(FORECAST(LN($AA25),INDEX(Attenuation!$K:$K,(AE$3-1+MIN(MAX(IFERROR(MATCH(LN($AA25),INDEX(Attenuation!$J:$J,AE$3):INDEX(Attenuation!$J:$J,AE$3+AE$4-1),1),1),1),AE$4-1))):INDEX(Attenuation!$K:$K,(AE$3-1+MIN(MAX(IFERROR(MATCH(LN($AA25),INDEX(Attenuation!$J:$J,AE$3):INDEX(Attenuation!$J:$J,AE$3+AE$4-1),1),1),1),AE$4-1))+1),INDEX(Attenuation!$J:$J,(AE$3-1+MIN(MAX(IFERROR(MATCH(LN($AA25),INDEX(Attenuation!$J:$J,AE$3):INDEX(Attenuation!$J:$J,AE$3+AE$4-1),1),1),1),AE$4-1))):INDEX(Attenuation!$J:$J,(AE$3-1+MIN(MAX(IFERROR(MATCH(LN($AA25),INDEX(Attenuation!$J:$J,AE$3):INDEX(Attenuation!$J:$J,AE$3+AE$4-1),1),1),1),AE$4-1))+1))))) -> 2.3568877 | AF25: =IF($B$9="",NA(),IF(OR($AA25<AF$5/2,$AA25>2*AF$6),NA(),EXP(FORECAST(LN($AA25),INDEX(Attenuation!$K:$K,(AF$3-1+MIN(MAX(IFERROR(MATCH(LN($AA25),INDEX(Attenuation!$J:$J,AF$3):INDEX(Attenuation!$J:$J,AF$3+AF$4-1),1),1),1),AF$4-1))):INDEX(Attenuation!$K:$K,(AF$3-1+MIN(MAX(IFERROR(MATCH(LN($AA25),INDEX(Attenuation!$J:$J,AF$3):INDEX(Attenuation!$J:$J,AF$3+AF$4-1),1),1),1),AF$4-1))+1),INDEX(Attenuation!$J:$J,(AF$3-1+MIN(MAX(IFERROR(MATCH(LN($AA25),INDEX(Attenuation!$J:$J,AF$3):INDEX(Attenuation!$J:$J,AF$3+AF$4-1),1),1),1),AF$4-1))):INDEX(Attenuation!$J:$J,(AF$3-1+MIN(MAX(IFERROR(MATCH(LN($AA25),INDEX(Attenuation!$J:$J,AF$3):INDEX(Attenuation!$J:$J,AF$3+AF$4-1),1),1),1),AF$4-1))+1))))) -> 2.1300026 | AG25: =IF($B$10="",NA(),IF(OR($AA25<AG$5/2,$AA25>2*AG$6),NA(),EXP(FORECAST(LN($AA25),INDEX(Attenuation!$K:$K,(AG$3-1+MIN(MAX(IFERROR(MATCH(LN($AA25),INDEX(Attenuation!$J:$J,AG$3):INDEX(Attenuation!$J:$J,AG$3+AG$4-1),1),1),1),AG$4-1))):INDEX(Attenuation!$K:$K,(AG$3-1+MIN(MAX(IFERROR(MATCH(LN($AA25),INDEX(Attenuation!$J:$J,AG$3):INDEX(Attenuation!$J:$J,AG$3+AG$4-1),1),1),1),AG$4-1))+1),INDEX(Attenuation!$J:$J,(AG$3-1+MIN(MAX(IFERROR(MATCH(LN($AA25),INDEX(Attenuation!$J:$J,AG$3):INDEX(Attenuation!$J:$J,AG$3+AG$4-1),1),1),1),AG$4-1))):INDEX(Attenuation!$J:$J,(AG$3-1+MIN(MAX(IFERROR(MATCH(LN($AA25),INDEX(Attenuation!$J:$J,AG$3):INDEX(Attenuation!$J:$J,AG$3+AG$4-1),1),1),1),AG$4-1))+1))))) -> 1.9954653 | AH25: =IF($B$11="",NA(),IF(OR($AA25<AH$5/2,$AA25>2*AH$6),NA(),EXP(FORECAST(LN($AA25),INDEX(Attenuation!$K:$K,(AH$3-1+MIN(MAX(IFERROR(MATCH(LN($AA25),INDEX(Attenuation!$J:$J,AH$3):INDEX(Attenuation!$J:$J,AH$3+AH$4-1),1),1),1),AH$4-1))):INDEX(Attenuation!$K:$K,(AH$3-1+MIN(MAX(IFERROR(MATCH(LN($AA25),INDEX(Attenuation!$J:$J,AH$3):INDEX(Attenuation!$J:$J,AH$3+AH$4-1),1),1),1),AH$4-1))+1),INDEX(Attenuation!$J:$J,(AH$3-1+MIN(MAX(IFERROR(MATCH(LN($AA25),INDEX(Attenuation!$J:$J,AH$3):INDEX(Attenuation!$J:$J,AH$3+AH$4-1),1),1),1),AH$4-1))):INDEX(Attenuation!$J:$J,(AH$3-1+MIN(MAX(IFERROR(MATCH(LN($AA25),INDEX(Attenuation!$J:$J,AH$3):INDEX(Attenuation!$J:$J,AH$3+AH$4-1),1),1),1),AH$4-1))+1))))) -> 1.2039316 | AI25: =IF($B$12="",NA(),IF(OR($AA25<AI$5/2,$AA25>2*AI$6),NA(),EXP(FORECAST(LN($AA25),INDEX(Attenuation!$K:$K,(AI$3-1+MIN(MAX(IFERROR(MATCH(LN($AA25),INDEX(Attenuation!$J:$J,AI$3):INDEX(Attenuation!$J:$J,AI$3+AI$4-1),1),1),1),AI$4-1))):INDEX(Attenuation!$K:$K,(AI$3-1+MIN(MAX(IFERROR(MATCH(LN($AA25),INDEX(Attenuation!$J:$J,AI$3):INDEX(Attenuation!$J:$J,AI$3+AI$4-1),1),1),1),AI$4-1))+1),INDEX(Attenuation!$J:$J,(AI$3-1+MIN(MAX(IFERROR(MATCH(LN($AA25),INDEX(Attenuation!$J:$J,AI$3):INDEX(Attenuation!$J:$J,AI$3+AI$4-1),1),1),1),AI$4-1))):INDEX(Attenuation!$J:$J,(AI$3-1+MIN(MAX(IFERROR(MATCH(LN($AA25),INDEX(Attenuation!$J:$J,AI$3):INDEX(Attenuation!$J:$J,AI$3+AI$4-1),1),1),1),AI$4-1))+1))))) -> 0.65855585
